Timestamp,Weighted_Price
1282089600,0.07
1282176000,0.07
1282262400,0.07
1282348800,0.07
1282435200,0.07
1282521600,0.07
1282608000,0.07
1282694400,0.07
1282780800,0.07
1282867200,0.07
1282953600,0.07
1283040000,0.06
1283126400,0.07
1283212800,0.07
1283299200,0.06
1283385600,0.06
1283472000,0.06
1283558400,0.06
1283644800,0.06
1283731200,0.06
1283817600,0.06
1283904000,0.06
1283990400,0.06
1284076800,0.06
1284163200,0.06
1284249600,0.06
1284336000,0.06
1284422400,0.06
1284508800,0.09
1284595200,0.15
1284681600,0.06
1284768000,0.06
1284854400,0.06
1284940800,0.06
1285027200,0.06
1285113600,0.06
1285200000,0.06
1285286400,0.06
1285372800,0.06
1285459200,0.06
1285545600,0.06
1285632000,0.06
1285718400,0.06
1285804800,0.06
1285891200,0.06
1285977600,0.06
1286064000,0.06
1286150400,0.06
1286236800,0.06
1286323200,0.06
1286409600,0.06
1286496000,0.07
1286582400,0.1
1286668800,0.12
1286755200,0.12
1286841600,0.12
1286928000,0.1
1287014400,0.1
1287100800,0.11
1287187200,0.12
1287273600,0.11
1287360000,0.1
1287446400,0.1
1287532800,0.1
1287619200,0.1
1287705600,0.11
1287792000,0.11
1287878400,0.13
1287964800,0.18
1288051200,0.16
1288137600,0.19
1288224000,0.19
1288310400,0.19
1288396800,0.19
1288483200,0.19
1288569600,0.2
1288656000,0.2
1288742400,0.21
1288828800,0.27
1288915200,0.24
1289001600,0.25
1289088000,0.34
1289174400,0.47
1289260800,0.36
1289347200,0.32
1289433600,0.26
1289520000,0.24
1289606400,0.26
1289692800,0.3
1289779200,0.3
1289865600,0.28
1289952000,0.28
1290038400,0.28
1290124800,0.29
1290211200,0.28
1290297600,0.29
1290384000,0.29
1290470400,0.28
1290556800,0.29
1290643200,0.28
1290729600,0.28
1290816000,0.29
1290902400,0.28
1290988800,0.28
1291075200,0.28
1291161600,0.26
1291248000,0.23
1291334400,0.25
1291420800,0.26
1291507200,0.25
1291593600,0.23
1291680000,0.23
1291766400,0.23
1291852800,0.25
1291939200,0.23
1292025600,0.21
1292112000,0.23
1292198400,0.23
1292284800,0.23
1292371200,0.23
1292457600,0.25
1292544000,0.25
1292630400,0.25
1292716800,0.25
1292803200,0.26
1292889600,0.27
1292976000,0.27
1293062400,0.26
1293148800,0.25
1293235200,0.25
1293321600,0.25
1293408000,0.27
1293494400,0.27
1293580800,0.29
1293667200,0.3
1293753600,0.3
1293840000,0.3
1293926400,0.3
1294012800,0.3
1294099200,0.3
1294185600,0.3
1294272000,0.3
1294358400,0.3
1294444800,0.32
1294531200,0.32
1294617600,0.32
1294704000,0.33
1294790400,0.33
1294876800,0.36
1294963200,0.42
1295049600,0.44
1295136000,0.4
1295222400,0.4
1295308800,0.4
1295395200,0.38
1295481600,0.35
1295568000,0.38
1295654400,0.44
1295740800,0.43
1295827200,0.44
1295913600,0.44
1296000000,0.43
1296086400,0.42
1296172800,0.43
1296259200,0.45
1296345600,0.45
1296432000,0.48
1296518400,0.61
1296604800,0.92
1296691200,0.82
1296777600,0.78
1296864000,0.89
1296950400,0.92
1297036800,0.92
1297123200,0.9
1297209600,0.91
1297296000,0.97
1297382400,1.08
1297468800,1.03
1297555200,1.09
1297641600,1.08
1297728000,1.08
1297814400,1.08
1297900800,1.05
1297987200,1.05
1298073600,1.04
1298160000
1298246400,0.94
1298332800,0.88
1298419200,0.89
1298505600,0.95
1298592000,0.96
1298678400
1298764800,0.98
1298851200,0.96
1298937600,0.95
1299024000,0.97
1299110400,0.95
1299196800,0.94
1299283200,0.93
1299369600,0.92
1299456000,0.91
1299542400,0.91
1299628800,0.9
1299715200,0.88
1299801600,0.89
1299888000,0.93
1299974400,0.92
1300060800,0.91
1300147200,0.9
1300233600,0.9
1300320000,0.89
1300406400,0.87
1300492800,0.84
1300579200,0.82
1300665600,0.79
1300752000,0.79
1300838400,0.81
1300924800,0.86
1301011200,0.9
1301097600,0.89
1301184000,0.9
1301270400,0.89
1301356800,0.84
1301443200,0.8
1301529600,0.8
1301616000,0.8
1301702400,0.8
1301788800,0.8
1301875200,0.8
1301961600,0.77
1302048000,0.72
1302134400,0.75
1302220800,0.78
1302307200,0.79
1302393600,0.77
1302480000,0.76
1302566400,0.81
1302652800,0.92
1302739200,0.99
1302825600,0.98
1302912000,1.09
1302998400,1.09
1303084800,1.11
1303171200,1.2
1303257600,1.19
1303344000,1.2
1303430400,1.23
1303516800,1.38
1303603200,1.65
1303689600,1.89
1303776000,1.71
1303862400,1.78
1303948800,2.12
1304035200,2.66
1304121600,3.05
1304208000,4.14
1304294400,3.95
1304380800,3.49
1304467200,3.51
1304553600,3.56
1304640000,3.52
1304726400,3.62
1304812800,3.75
1304899200,3.91
1304985600,4.24
1305072000,5.41
1305158400,6.04
1305244800,6.55
1305331200,8.56
1305417600,8.82
1305504000,8.54
1305590400,8.47
1305676800,8.27
1305763200,7.75
1305849600,7.28
1305936000,6.98
1306022400,6.61
1306108800,6.81
1306195200,7.39
1306281600,7.27
1306368000,7.95
1306454400,9.23
1306540800,8.88
1306627200,8.68
1306713600,8.62
1306800000,9.12
1306886400,9.47
1306972800,9.67
1307059200,11.46
1307145600,15.05
1307232000,17.79
1307318400,19.05
1307404800,19.19
1307491200,22.14
1307577600,31.81
1307664000,32.34
1307750400,33.8
1307836800,28.8
1307923200,24.87
1308009600,23.66
1308096000,20.75
1308182400,19.99
1308268800,19.82
1308355200,18.87
1308441600,17.6
1308528000,18.51
1308614400,16.91
1308700800,15.39
1308787200,15.28
1308873600,16.18
1308960000,16.95
1309046400,17.58
1309132800,17.63
1309219200,17.89
1309305600,17.47
1309392000,17.35
1309478400,17.38
1309564800,16.88
1309651200,16.3
1309737600,15.74
1309824000,15.65
1309910400,15.36
1309996800,16.44
1310083200,16.1
1310169600,15.49
1310256000,15.16
1310342400,15.56
1310428800,15.07
1310515200,14.52
1310601600,14.14
1310688000,14.15
1310774400,14.25
1310860800,14.07
1310947200,13.9
1311033600,13.93
1311120000,14.54
1311206400,14.02
1311292800,13.94
1311379200,13.93
1311465600,13.93
1311552000,14.16
1311638400,14.66
1311724800,14.34
1311811200,14.1
1311897600,13.95
1311984000,13.8
1312070400,14.06
1312156800,14.58
1312243200,13.53
1312329600,13.37
1312416000,12.71
1312502400,11.5
1312588800,11.42
1312675200,10.71
1312761600,9.58
1312848000,9.66
1312934400,11.76
1313020800,10.65
1313107200,10.35
1313193600,9.93
1313280000,10.34
1313366400,11.4
1313452800,11.77
1313539200,11.36
1313625600,11.39
1313712000,11.7
1313798400,11.81
1313884800,11.75
1313971200,11.57
1314057600,11.5
1314144000,11.47
1314230400,11.3
1314316800,10.81
1314403200,10.01
1314489600,9.2
1314576000,9.48
1314662400,9.4
1314748800,9.11
1314835200,8.87
1314921600,8.46
1315008000,8.55
1315094400,8.69
1315180800,8.56
1315267200,8.27
1315353600,7.64
1315440000,7.53
1315526400,7.23
1315612800,6.76
1315699200,6.49
1315785600,7.32
1315872000,6.88
1315958400,6.19
1316044800,5.92
1316131200,5.58
1316217600,5.18
1316304000,5.02
1316390400,5.14
1316476800,5.89
1316563200,6.67
1316649600,6.18
1316736000,5.8
1316822400,5.7
1316908800,5.62
1316995200,5.49
1317081600,5.38
1317168000,5.1
1317254400,4.95
1317340800,4.94
1317427200,5.34
1317513600,5.27
1317600000,5.14
1317686400,5.06
1317772800,5.03
1317859201
1317945600,4.91
1318032000,4.79
1318118400,4.54
1318204800,4.36
1318291200,4.23
1318377600,4.16
1318464000,4.26
1318550400,4.37
1318636800,4.1
1318723200,4.01
1318809600,3.87
1318896000,3.55
1318982400,2.84
1319068800,2.59
1319155200,2.49
1319241600,2.86
1319328000,3.31
1319414400,3.32
1319500800,3.16
1319587200
1319673600,2.92
1319760000,3.1
1319846400,3.39
1319932800,3.78
1320019200,3.59
1320105600,3.38
1320192000,3.37
1320278400,3.41
1320364800,3.28
1320451200,3.22
1320537600,3.17
1320624000,3.04
1320710400,3.07
1320796800,3.19
1320883200,3.09
1320969600
1321056000,3.03
1321142400,3.11
1321228800,3.08
1321315200,2.95
1321401600,2.67
1321488000,2.6
1321574400,2.55
1321660800,2.37
1321747200,2.35
1321833600,2.45
1321920000,2.3
1322006400,2.36
1322092800,2.4
1322179200,2.48
1322265600,2.55
1322352000,2.52
1322438400,2.51
1322524800,2.64
1322611200,2.98
1322697600
1322784000,3.14
1322870400,3.14
1322956800,3.1
1323043200,2.98
1323129600,2.96
1323216000,3.06
1323302400,3.09
1323388800,3.09
1323475200,3.04
1323561600,3.12
1323648000,3.37
1323734400,3.33
1323820800,3.29
1323907200,3.26
1323993600,3.2
1324080000,3.23
1324166400,3.23
1324252800,3.36
1324339200,3.89
1324425600,4.41
1324512000,4.08
1324598400,3.98
1324684800,3.95
1324771200,4.06
1324857600,4.37
1324944000,4.25
1325030400,4.09
1325116800,4.22
1325203200,4.32
1325289600,4.47
1325376000,5.04
1325462400,5.27
1325548800,5.45
1325635200,5.37
1325721600,5.8
1325808000,6.6
1325894400,7.17
1325980800,7.06
1326067200,7.2
1326153600,7.13
1326240000,6.95
1326326400,7.1
1326412800,6.96
1326499200,6.83
1326585600,6.81
1326672000,7.04
1326758400,7.14
1326844800,6.97
1326931200,6.79
1327017600,6.37
1327104000,6.57
1327190400,6.51
1327276800,6.41
1327363200,6.47
1327449600,6.5
1327536000,6.39
1327622400,6.08
1327708800,5.7
1327795200,5.75
1327881600,5.72
1327968000,5.61
1328054400,5.65
1328140800,5.77
1328227200,6.19
1328313600,6.11
1328400000,5.99
1328486400,5.92
1328572800,5.77
1328659200,5.74
1328745600,5.84
1328832000,5.83
1328918400,5.94
1329004800,5.96
1329091200,5.82
1329177600,5.69
1329264000,5.43
1329350400,4.84
1329436800,4.74
1329523200,4.7
1329609600,4.46
1329696000,4.38
1329782400,4.5
1329868800,4.46
1329955200,4.63
1330041600,4.99
1330128000,5.17
1330214400,5.05
1330300800,5.02
1330387200,5.08
1330473600,4.98
1330560000,4.92
1330646400,4.99
1330732800,4.94
1330819200,4.81
1330905600,4.93
1330992000,5.04
1331078400,5.05
1331164800,5.05
1331251200,4.99
1331337600,4.95
1331424000,4.95
1331510400,4.98
1331596800,5.07
1331683200,5.42
1331769600,5.45
1331856000,5.44
1331942400,5.4
1332028800,5.4
1332115200,5.36
1332201600,5.23
1332288000,4.95
1332374400,4.87
1332460800,4.87
1332547200,4.81
1332633600,4.73
1332720000,4.7
1332806400,4.74
1332892800,4.77
1332979200,4.85
1333065600,4.85
1333152000,4.86
1333238400,4.94
1333324800,4.97
1333411200,5.06
1333497601
1333584000,4.96
1333670400,4.95
1333756800,4.96
1333843200,4.94
1333929600,4.8
1334016000,4.82
1334102400,4.9
1334188800,4.91
1334275200,4.97
1334361600,4.97
1334448000,5.02
1334534400,4.98
1334620800,4.99
1334707200,5.06
1334793600,5.18
1334880000,5.19
1334966400,5.24
1335052800,5.44
1335139200,5.3
1335225600,5.21
1335312000,5.19
1335398400,5.16
1335484800,5.17
1335571200,5.13
1335657600,5.09
1335744000,5.01
1335830401
1335916800,5.04
1336003200,5.18
1336089600,5.18
1336176000,5.15
1336262400,5.14
1336348800,5.1
1336435200,5.1
1336521600,5.1
1336608000,5.1
1336694400,5.1
1336780800,5.02
1336867201
1336953600,5.01
1337040000,5.05
1337126400,5.09
1337212800,5.1
1337299200,5.13
1337385600,5.13
1337472000,5.14
1337558400,5.15
1337644800,5.14
1337731200,5.13
1337817600,5.18
1337904000,5.21
1337990400,5.15
1338076800,5.15
1338163200,5.15
1338249600,5.16
1338336000,5.16
1338422400,5.18
1338508800,5.21
1338595200,5.27
1338681600,5.28
1338768000,5.27
1338854400,5.33
1338940800,5.49
1339027200,5.48
1339113600,5.56
1339200000,5.67
1339286400,5.68
1339372800,5.6
1339459200,5.58
1339545600,5.76
1339632000,5.96
1339718401
1339804800,6.27
1339891200,6.58
1339977600,6.51
1340064000,6.48
1340150400,6.56
1340236800,6.69
1340323200,6.8
1340409600,6.76
1340496000,6.64
1340582400,6.56
1340668800,6.45
1340755200,6.48
1340841600,6.58
1340928000,6.67
1341014400,6.67
1341100800,6.69
1341187200,6.71
1341273600,6.75
1341360000,6.71
1341446400,6.6
1341532800,6.76
1341619200,6.74
1341705600,6.78
1341792000,6.88
1341878400,6.98
1341964800,7.24
1342051200,7.27
1342137600,7.46
1342224000,7.85
1342310400,7.68
1342396800,7.8
1342483200,8.58
1342569600,9.47
1342656000,9.37
1342742400,9.27
1342828800,9.35
1342915200,9.53
1343001600,9.05
1343088000,9.14
1343174400,8.91
1343260800,8.8
1343347200,8.91
1343433600,8.95
1343520000,8.92
1343606400,8.95
1343692800,9.22
1343779200,9.46
1343865600,9.6
1343952000,10.12
1344038400,11.16
1344124800,11.27
1344211200,11.21
1344297600,11.23
1344384000,11.07
1344470400,11.35
1344556800,11.9
1344643200,11.6
1344729600,11.64
1344816000,11.79
1344902400,11.94
1344988800,12.3
1345075200,12.95
1345161600,14.21
1345248000,15.37
1345334400,14.48
1345420800,11.64
1345507200,10.45
1345593600,10.29
1345680000,10.26
1345766400,10.25
1345852800,10.25
1345939200,10.62
1346025600,10.99
1346112000,11.97
1346198400,11.34
1346284800,11.14
1346371200,10.91
1346457600,10.74
1346544000,10.36
1346630400,10.26
1346716800,10.52
1346803200,10.59
1346889600,10.72
1346976000,11.2
1347062400,11.27
1347148800,11.19
1347235200,11.14
1347321600,11.14
1347408000,11.24
1347494400,11.38
1347580800,11.48
1347667200,11.76
1347753600,11.84
1347840000,11.98
1347926400,11.99
1348012800,12.21
1348099200,12.63
1348185600,12.66
1348272000,12.54
1348358400,12.4
1348444800,12.28
1348531200,12.28
1348617600,12.24
1348704000,12.32
1348790400,12.46
1348876800,12.46
1348963200,12.49
1349049600,12.48
1349136000,12.58
1349222400,12.88
1349308800,12.95
1349395200,13.07
1349481600,12.97
1349568000,12.86
1349654400,12.58
1349740800,12.14
1349827200,12.3
1349913600,12.16
1350000000,12.18
1350086400,12.15
1350172800,12.1
1350259200,12.01
1350345600,12.02
1350432000,11.99
1350518400,11.98
1350604800,11.96
1350691200,11.94
1350777600,11.84
1350864000,11.8
1350950400,11.86
1351036800,11.96
1351123200,11.79
1351209600,11.56
1351296000,11.04
1351382400,10.78
1351468800,10.69
1351555200,10.93
1351641600,10.92
1351728000,11.17
1351814400,11.26
1351900800,11.06
1351987200,10.62
1352073600,10.73
1352160000,10.9
1352246400,10.97
1352332800,11.19
1352419200,11.09
1352505600,11.04
1352592000,10.95
1352678400
1352764800,11.17
1352851200,11.11
1352937600,11.07
1353024000,11.28
1353110400,11.8
1353196800,11.81
1353283200,11.82
1353369600,11.81
1353456000,11.83
1353542400,11.9
1353628800,12.32
1353715200,12.43
1353801600,12.46
1353888000,12.61
1353974400,12.62
1354060800,12.5
1354147200,12.45
1354233600,12.61
1354320000,12.66
1354406400,12.69
1354492800,12.68
1354579200,12.75
1354665600,13.09
1354752000,13.55
1354838400,13.69
1354924800,13.65
1355011200,13.55
1355097600,13.53
1355184000,13.57
1355270400,13.64
1355356800,13.8
1355443200,13.82
1355529600,13.87
1355616000,13.75
1355702400,13.63
1355788800,13.47
1355875200,13.4
1355961600,13.48
1356048000,13.7
1356134400,13.63
1356220800,13.56
1356307200,13.48
1356393600,13.45
1356480000,13.44
1356566400,13.42
1356652800,13.51
1356739200,13.65
1356825600,13.65
1356912000,13.57
1356998400,13.58
1357084800,13.52
1357171200,13.42
1357257600,13.47
1357344000,13.5
1357430400,13.54
1357516800,13.53
1357603200,13.61
1357689600,13.84
1357776000,13.99
1357862400,14.32
1357948800,14.31
1358035200,14.34
1358121600,14.31
1358208000,14.34
1358294400,14.53
1358380800,14.86
1358467200,15.53
1358553600,15.95
1358640000,15.85
1358726400,16.15
1358812800,17.13
1358899200,17.59
1358985600,17.97
1359072000,19.1
1359158400,18.54
1359244800,17.71
1359331200,18.11
1359417600,18.77
1359504000,19.78
1359590400,20.11
1359676800,21.4
1359763200,21.25
1359849600
1359936000,20.77
1360022400,20.99
1360108800,20.92
1360195200,21.53
1360281600,22.15
1360368000,23.4
1360454400,23.83
1360540800,23.97
1360627200,24.65
1360713600,25.15
1360800000,24.3
1360886400,27.2
1360972800,27.27
1361059200,27.39
1361145600,26.91
1361232000,26.98
1361318400,29.48
1361404800,29.79
1361491200,29.75
1361577600,30.52
1361664000,29.8
1361750400,29.87
1361836800,30.4
1361923200,31.2
1362009600,31.27
1362096000,33.36
1362182400,34.5
1362268800,34.25
1362355200,34.25
1362441600,36.4
1362528000,40.65
1362614400
1362700800,43.15
1362787200
1362873600,46.93
1362960000,45.6
1363046400,48.2
1363132800,44.32
1363219200,47.07
1363305600,46.86
1363392000,46.9
1363478400,47.25
1363564800,47.38
1363651200,52.12
1363737600,59.53
1363824000,65.93
1363910400,70.25
1363996800,70.25
1364083200,64.01
1364169600,71.93
1364256000,74.1
1364342400,78.79
1364428800,88.8
1364515200,87.5
1364601600,90.05
1364688000,92.5
1364774400,93.25
1364860800
1364947200,117.34
1365033600
1365120000
1365206400,142.1
1365292800,143.61
1365379200,163.3
1365465600,186.96
1365552000,231.05
1365638400,159.88
1365724800,124.9
1365811200,122.6
1365897600
1365984000
1366070400,68.1
1366156801
1366243200,93.9
1366329600
1366416000,118.92
1366502400,127.5
1366588800
1366675200
1366761600,142.5
1366848000,155.07
1366934400,141.99
1367020800
1367107200,128.5
1367193600,134.44
1367280000,144.54
1367366400
1367452800
1367539200,103.3
1367625600,96.8
1367712000,113.1
1367798400,115.98
1367884800,112.3
1367971200,111.7
1368057600,113.35
1368144000,112.69
1368230400,117.2
1368316800,115.68
1368403200,115.1
1368489600,117.99
1368576000
1368662400,114.22
1368748800,117.41
1368835200,123.32
1368921600,123.3
1369008000,121.99
1369094400,122.02
1369180800,122.7
1369267200
1369353600,126.7
1369440000,133.49
1369526400,131.99
1369612800,133.5
1369699200,129.76
1369785600
1369872000,132.3
1369958400,128.88
1370044800,129.02
1370131200,129.3
1370217600,122.42
1370304000,122.03
1370390400,121.42
1370476800,121.9
1370563200,118.97
1370649600,111.5
1370736000,107.99
1370822400,100.2
1370908800,106.1
1370995200
1371081600,108.1
1371168000,103.9
1371254400,99.98
1371340800,99.69
1371427200,99.9
1371513600,101.95
1371600000,107.39
1371686400,107.68
1371772800,111.12
1371859200,109.87
1371945600,108.35
1372032000,107.98
1372118400,102.98
1372204800,103.89
1372291200
1372377600,101.77
1372464000,94.65
1372550400,94.99
1372636800,97.25
1372723201
1372809600,91.05
1372896000,78.11
1372982400,80.04
1373068800,68.86
1373155200,70.27
1373241601
1373328000,76.49
1373414400,76.7
1373500800,87.9
1373587200,88.9
1373673600,93.99
1373760001
1373846400,94.69
1373932800,98.4
1374019200,97.05
1374105600,98.8
1374192000,90.1
1374278401
1374364800,89.39
1374451200,90.76
1374537600,91.99
1374624000,95.56
1374710400,94.51
1374796801
1374883200,96.02
1374969600,94.12
1375056000,98.7
1375142400,101.48
1375228800,107.8
1375315200,106.2
1375401600,104.62
1375488000,104.5
1375574400,104.95
1375660800,105.54
1375747200,106.72
1375833600,106.56
1375920000,105.99
1376006400,103.01
1376092800,102.8
1376179200
1376265600
1376352000,106.64
1376438400,109.35
1376524800,99.19
1376611200,98.08
1376697600,98.25
1376784000,99.71
1376870400,99.3
1376956800,102.85
1377043200,104.88
1377129600,110.43
1377216000,109.71
1377302400,107.65
1377388800,109.04
1377475200,113.28
1377561600,111.79
1377648000,117.72
1377734400,117.92
1377820800,118.5
1377907200,124.84
1377993600,128.52
1378080000,130.67
1378166400,130.09
1378252800,129.13
1378339200,122.27
1378425600,122.63
1378512000,117.61
1378598400,119.92
1378684800,118.18
1378771200,120.52
1378857600,122.02
1378944000,126.54
1379030400,127.07
1379116800,127.14
1379203200,124.05
1379289600,125.35
1379376000,126.2
1379462400,139.15
1379548800,127.12
1379635200,124.18
1379721600,123.04
1379808000,123.42
1379894400,122.93
1379980800,122.65
1380067200,123.75
1380153600,123.4
1380240000,124.65
1380326400,126.7
1380412800,126.54
1380499200,127.01
1380585600,126.25
1380672000,127.54
1380758400,103.85
1380844800,117.57
1380931200,121.94
1381017600,121.2
1381104000,122.49
1381190400,123.8
1381276800,124.12
1381363200,125.9
1381449600,126.8
1381536000,127.41
1381622400,127.59
1381708800,132.62
1381795200,135.17
1381881600,141.02
1381968000,138.19
1382054400,143.94
1382140800,168.2
1382227200,183.18
1382313600,186.12
1382400000,179.8
1382486400,189.75
1382572800,203.7
1382659200,195.33
1382745600,186.85
1382832000,179.56
1382918400,194.06
1383004800,206.9
1383091200
1383177600,206.01
1383264000,203.54
1383350400
1383436800,204.86
1383523200,209.8
1383609600,229.95
1383696000,252.59
1383782400,265.1
1383868800,291.02
1383955200
1384041600
1384128000
1384214400,343.61
1384300800,354.9
1384387200
1384473600
1384560000,412.03
1384646400,437.24
1384732800
1384819200,660.2
1384905601
1384992000,597.98
1385078400,716.77
1385164801
1385251200,829.99
1385337600,807.5
1385424000,814.56
1385510400,917.79
1385596801
1385683200,1014.1
1385769600,1133.95
1385856000,1119.2
1385942400,955.01
1386028800,1043.98
1386115200,1050.21
1386201600,1136.9
1386288000
1386374401
1386460800,705.91
1386547200,786.6
1386633601
1386720000,978.76
1386806400,876.88
1386892800,874.72
1386979201
1387065600,850.81
1387152000,862.98
1387238401
1387324800,673.62
1387411201
1387497600,685.3
1387584000,613.87
1387670400,599.91
1387756800,614.11
1387843200,659.99
1387929601
1388016000,679.02
1388102401
1388188800,723.98
1388275201
1388361600,728.19
1388448000,736.5
1388534401
1388620800,749.27
1388707200,781.23
1388793600,807.39
1388880000,828.74
1388966400,904.98
1389052800,915.69
1389139201
1389225600,823.3
1389312000,826.28
1389398400,853.99
1389484801
1389571200,844.04
1389657601
1389744001
1389830400,841.83
1389916800,817.15
1390003201
1390089600,811.2
1390176000,841.1
1390262400,827.81
1390348800,824.78
1390435200,819.62
1390521600,811.22
1390608000,780.02
1390694401
1390780800,814.21
1390867200,747.57
1390953600,785.6
1391040001
1391126401
1391212801
1391299200,817.08
1391385600,814.34
1391472000,808.5
1391558400,802.99
1391644801
1391731200,763.97
1391817600,710.01
1391904000,680.8
1391990400,687.37
1392076800,688.68
1392163200,675.1
1392249600,652.91
1392336001
1392422400,670.29
1392508800,655.71
1392595200,623.88
1392681600,629.96
1392768000,629.59
1392854400,624.85
1392940801
1393027200,579.5
1393113600,612.48
1393200000,611.05
1393286400,542.68
1393372800,559.52
1393459200,585.21
1393545600,583.05
1393632001
1393718400,567.48
1393804801
1393891200,681.96
1393977600,673.28
1394064000,670.7
1394150401
1394236800,631.99
1394323200,622.38
1394409600,639.9
1394496000,629.33
1394582400,632.1
1394668800,634.95
1394755200,641.01
1394841600,630.42
1394928000,637.24
1395014400,634.99
1395100800,624.71
1395187200,615.49
1395273600,611.2
1395360000,585.6
1395446400,572.89
1395532800,563.01
1395619200,559.54
1395705600,585.58
1395792000,585.79
1395878400,578.5
1395964800,474.2
1396051200,499.6
1396137600
1396224000,458.66
1396310400,457.49
1396396800
1396483200,439.12
1396569600,448.72
1396656000
1396742400
1396828800
1396915200,449.99
1397001600
1397088000,441.93
1397174400
1397260800,423.4
1397347200,423.37
1397433600,417.58
1397520000,459.64
1397606401
1397692800,526.29
1397779200,498.2
1397865600,482.11
1397952000,503.8
1398038400,501.54
1398124800,498.38
1398211200,488.52
1398297600,491.99
1398384000,502.15
1398470400,463.13
1398556800,461.48
1398643200,438.8
1398729600,442.44
1398816000
1398902400,452.03
1398988800,460.97
1399075200,454.9
1399161600
1399248000,436.75
1399334400
1399420800,428.01
1399507200,440.88
1399593600,437.61
1399680000
1399766400
1399852800,437.81
1399939200,442.45
1400025600,439.12
1400112000,444.65
1400198400,446.53
1400284800,449.12
1400371200,448.66
1400457600,446.89
1400544000,448.02
1400630400,488.12
1400716800,493.97
1400803200,528.32
1400889600,521.1
1400976000,527.91
1401062400,569.93
1401148800,584.88
1401235200,572.7
1401321601
1401408000,569.01
1401494400,621.3
1401580800,626.5
1401667200,630.71
1401753601
1401840000,670.14
1401926400,642.86
1402012800,661.48
1402099201
1402185600,657.12
1402272000,657.11
1402358400,648.81
1402444800,648.55
1402531200,624.97
1402617600,574.85
1402704000,591.55
1402790400,572.28
1402876800,592.89
1402963201
1403049601
1403136001
1403222400,595.15
1403308800,593.48
1403395200,590.96
1403481600,598.76
1403568000,588.25
1403654400,574.98
1403740800,560.76
1403827200,577.34
1403913601
1404000001
1404086400,599.99
1404172800,638.99
1404259200,639.25
1404345600,650.49
1404432000,645.35
1404518400,626.16
1404604801
1404691200,633.74
1404777600,624.35
1404864000,624.97
1404950400,621.95
1405036800,616.8
1405123201
1405209600,636.18
1405296000,630.43
1405382400,621.21
1405468800,624.07
1405555200,617.41
1405641600,625.8
1405728000,631.85
1405814401
1405900801
1405987200,622.23
1406073601
1406160000,620.43
1406246400,603.96
1406332800,602.9
1406419200,595.9
1406505600,593.68
1406592000,589.94
1406678400,585.5
1406764800,563.35
1406851200,582.04
1406937600,595.76
1407024000,589.59
1407110400,583.81
1407196800,588.5
1407283200,581.96
1407369600,582.73
1407456000,585.02
1407542400,588.98
1407628800,589.6
1407715200,590.74
1407801600,574.01
1407888000,569.01
1407974400,549.98
1408060800,504.51
1408147200,500.39
1408233600,523.88
1408320000,498.17
1408406400,474.95
1408492800
1408579200,518.82
1408665600,521.12
1408752000,515.69
1408838400,495.27
1408924800,508.03
1409011200,501.55
1409097600,513.92
1409184000,511.77
1409270400,506.61
1409356800,509.3
1409443201
1409529600,478.87
1409616000,476.36
1409702400,473.53
1409788800,474.5
1409875200,488.87
1409961600,485.91
1410048000,479.59
1410134400,476.53
1410220800,467.85
1410307200,473.35
1410393600,477.74
1410480000,477.73
1410566400,474.62
1410652800,476.92
1410739200,474.35
1410825600,470.83
1410912000,463.4
1410998400,453.9
1411084800,425.56
1411171200,395.67
1411257600,411.71
1411344000,401.15
1411430400,399.95
1411516800,440.03
1411603200,423.68
1411689600,410.19
1411776000,404.71
1411862400,400.39
1411948800,375.24
1412035200,373.87
1412121600,390.18
1412208000,384.04
1412294400,375.78
1412380800,358.9
1412467200,328.39
1412553600,323.94
1412640000,327.61
1412726400,334.06
1412812800
1412899200,363.61
1412985600,360.9
1413072000,361.95
1413158400,380.8
1413244800,391.98
1413331200,402.5
1413417600,394.84
1413504000,383.85
1413590400,383.14
1413676800
1413763200,389.44
1413849600,381.46
1413936000,385.89
1414022400,384.07
1414108800,357.2
1414195200,358.49
1414281600
1414368000,355.3
1414454400,350.9
1414540800,355.79
1414627200,335.33
1414713600,345.3
1414800000,337.79
1414886400,324.51
1414972800,324.36
1415059200,326.49
1415145600,330.23
1415232000,338.63
1415318400,349.96
1415404800,342.19
1415491200,346.94
1415577600,365.94
1415664000,365.8
1415750400,369.41
1415836800,420.19
1415923200,419.99
1416009600,399.11
1416096000,376.99
1416182400,389.87
1416268800,388.87
1416355200,374.92
1416441600,379.05
1416528000,356.47
1416614400,350.25
1416700800,353.04
1416787200,367.12
1416873600,374.58
1416960000,376.16
1417046400,366.86
1417132800,369.97
1417219200,376.98
1417305600,375.59
1417392000,376.03
1417478400,377.42
1417564800,379.62
1417651200,376.03
1417737600,368.73
1417824000
1417910400,375.05
1417996800,376.01
1418083200,362.99
1418169600,351.82
1418256000,348.79
1418342400,348.97
1418428800,352.21
1418515200,351.77
1418601600,357.8
1418688000,347.96
1418774400,329.84
1418860800,321.34
1418947200,312.26
1419033600,318.59
1419120000,331.52
1419206400
1419292800,331.98
1419379200,336.95
1419465600,323.68
1419552000,319.81
1419638400,329.94
1419724800,316.09
1419811200,317.41
1419897600,313.4
1419984000
1420070400,320.97
1420156800,314.81
1420243200,316.51
1420329600,285.09
1420416000,263.17
1420502400,274.28
1420588800,287.32
1420675200,297.99
1420761600,284.49
1420848000,290.81
1420934400,275.97
1421020800,269.68
1421107200,267.02
1421193600
1421280000
1421366400,210.21
1421452800,208.13
1421539200,199.77
1421625600,211.98
1421712000,216.01
1421798400,210.71
1421884800,224.59
1421971200,233.51
1422057600,233.71
1422144000,249.32
1422230400,254.32
1422316800,274.43
1422403200,263.52
1422489600,236.2
1422576000,235.99
1422662400,226.97
1422748800,219.25
1422835200,226.98
1422921600,237.97
1423008000,227.53
1423094400,226.71
1423180800,216.98
1423267200,222.36
1423353600,229.3
1423440000,223.93
1423526400,219.93
1423612800,220.36
1423699200,219.6
1423785600,222.33
1423872000,236.9
1423958400,257.5
1424044800,234.18
1424131200,234.5
1424217600,245.29
1424304000,237.44
1424390400,241.39
1424476800,245.78
1424563200,245.41
1424649600,235.98
1424736000,238.9
1424822400,239.94
1424908800,237.97
1424995200,236.59
1425081600,252.11
1425168000,253.5
1425254400,257.05
1425340800,275.87
1425427200,279.47
1425513600,270.06
1425600000,273.11
1425686400,272.34
1425772800,276.66
1425859200
1425945600,287.01
1426032000
1426118400,296.56
1426204800,294.9
1426291200,285.03
1426377600,282.2
1426464000,286.79
1426550400,289.28
1426636800,284.48
1426723200,256.99
1426809600,261.39
1426896000,262.1
1426982400,259.99
1427068800,267.75
1427155200,265.99
1427241600
1427328000,247.08
1427414400,249.23
1427500800,247.57
1427587200,252.96
1427673600,242.34
1427760000
1427846400,243.63
1427932800,246.49
1428019200,253.28
1428105600,254.3
1428192000,253.67
1428278400,260.52
1428364800,255.18
1428451200,253.9
1428537600
1428624000
1428710400
1428796800,236.36
1428883200,236.5
1428969600,223.01
1429056000,216.23
1429142400,222.55
1429228800,227.5
1429315200,222.64
1429401600,223.41
1429488000,222.61
1429574400,224.29
1429660800,235.85
1429747200,233.59
1429833600,235.98
1429920000,231.16
1430006400,226.29
1430092800,219.52
1430179200,227.01
1430265600,225.2
1430352000,225.62
1430438400,235.97
1430524800,230.97
1430611200,233.77
1430697600,239.47
1430784000,238.25
1430870400,235.87
1430956800,228.99
1431043200,237.16
1431129600,243.24
1431216000,242.19
1431302400,239.11
1431388800,240.95
1431475200,241.1
1431561600,235.97
1431648000,237.1
1431734400,237.37
1431820800,236.63
1431907200,235.83
1431993600,232.81
1432080000,231.4
1432166400,234.11
1432252800
1432339200,238.8
1432425600,237.76
1432512000,239.55
1432598400,235.59
1432684800,235.68
1432771200,235.31
1432857600,236.44
1432944000,235.72
1433030400,232.3
1433116800,228.34
1433203200,223.52
1433289600,225.19
1433376000,225.4
1433462400,222.88
1433548800,224.76
1433635200,224.99
1433721600,222.28
1433808000,227.66
1433894400,228.88
1433980800,227.8
1434067200,229.03
1434153600,229.6
1434240000,231.5
1434326400,232.07
1434412800
1434499200,249.98
1434585600,247.45
1434672000,248.26
1434758400,243.85
1434844800,244.75
1434931200,243.55
1435017600,246.77
1435104000,243.86
1435190400,240.2
1435276800,242.08
1435363200,242.98
1435449600,251.21
1435536000,248.57
1435622400,256.05
1435708800,262.43
1435795200,257.78
1435881600,254.68
1435968000,256.12
1436054400,260.33
1436140800,271.34
1436227200,268.53
1436313600,265.83
1436400000,270.31
1436486400
1436572800,284.92
1436659200,291.64
1436745600,310.55
1436832000,291.94
1436918400,287.92
1437004800,285.66
1437091200,277.78
1437177600,279.43
1437264000,276.74
1437350400,275.47
1437436800,279.01
1437523200,276.76
1437609600,277.97

1437609600,277.97
1437696000,276.59
1437782400,289
1437868800,288.78
1437955200,292.82
1438041600,293.93
1438128000,293.92
1438214400,290.2
1438300800,288.45
1438387200,284.31
1438473600,280.95
1438560000,282.26
1438646400,281.12
1438732800,285
1438819200,281
1438905600,277.08
1438992000,279.32
1439078400,262.22
1439164800,265.05
1439251200,264.47
1439337600,270.98
1439424000,267.53
1439510400,264.48
1439596800,265.93
1439683200,261.43
1439769600,256.11
1439856000,256.66
1439942400,222.11
1440028800,226.25
1440115200,235.31
1440201600,233.49
1440288000,231
1440374400,228.14
1440460800,210.96
1440547200,222.13
1440633600,225.04
1440720000,225.11
1440806400,231.52
1440892800,229.63
1440979200,228.39
1441065600,230.25
1441152000,227.97
1441238400,229.26
1441324800,227.24
1441411200,230.73
1441497600,235.74
1441584000,240.2
1441670400,240.47
1441756800,244.21
1441843200,238.3
1441929600,238.81
1442016000,239.94
1442102400,234.73
1442188800,230
1442275200,229.71
1442361600,229.54
1442448000,228.33
1442534400,232.17
1442620800,232.52
1442707200,230.25
1442793600,230.16
1442880000,226.27
1442966400,230.42
1443052800,229.42
1443139200,234
1443225600,235.22
1443312000,233.99
1443398400,232.41
1443484800,239.14
1443571200,236.94
1443657600,236.17
1443744000,238.03
1443830400,237.77
1443916800,239.09
1444003200,238.4
1444089600,240.6
1444176000,246.8
1444262400,243.01
1444348800,243.01
1444435200,244.49
1444521600,245.72
1444608000,248.04
1444694400,245.5
1444780800,249.98
1444867200,252.47
1444953600,254.5
1445040000,262.26
1445126400,270.04
1445212800,261.04
1445299200,263.59
1445385600,270.75
1445472000,267.97
1445558400,274.35
1445644800,278.62
1445731200,282.71
1445817600,282.8
1445904000,286.69
1445990400,295.35
1446076800,304.79
1446163200,314.81
1446249600,328.17
1446336000,310.18
1446422400,325.79
1446508800,361.54
1446595200,404.5
1446681600,408
1446768000,386.04
1446854400,373.69
1446940800,387.02
1447027200,371.08
1447113600,380.62
1447200000,336.29
1447286400,308.98
1447372800,340.81
1447459200,336.99
1447545600,332.06
1447632000,318.97
1447718400,330.72
1447804800,336.01
1447891200,333.66
1447977600,325.9
1448064000,322.12
1448150400,326.31
1448236800,323.78
1448323200,323.48
1448409600,319.64
1448496000,328.9
1448582400,356.33
1448668800,358
1448755200,356.4
1448841600,371
1448928000,377.27
1449014400,362.58
1449100800,359.08
1449187200,361.47
1449273600,363.78
1449360000,386.95
1449446400,387.3
1449532800,394.87
1449619200,413.6
1449705600,416.49
1449792000,415.15
1449878400,450.87
1449964800,436.2
1450051200,433.39
1450137600,443.78
1450224000,463.98
1450310400,455.47
1450396800,456.58
1450483200,463
1450569600,461.75
1450656000,442.54
1450742400,438.35
1450828800,435.28
1450915200,442.54
1451001600,456
1451088000,455.5
1451174400,417.11
1451260800,422.42
1451347200,420.97
1451433600,433.23
1451520000,428.23
1451606400,430.89
1451692800,434.75
1451779200,432.76
1451865600,430.78
1451952000,434.17
1452038400,432.43
1452124800,429.26
1452211200,458.66
1452297600,452.64
1452384000,448.47
1452470400,448.43
1452556800,447.98
1452643200,437
1452729600,432.63
1452816000,429.55
1452902400,363.75
1452988800,387.87
1453075200,380.16
1453161600,385.49
1453248000,377.41
1453334400,420.35
1453420800,409.62
1453507200,381.5
1453593600,385.09
1453680000,403.19
1453766400,390.92
1453852800,391.66
1453939200,394.36
1454025600,379.82
1454112000,378.18
1454198400,376.6
1454284800,367.86
1454371200,371.99
1454457600,373.05
1454544000,368.46
1454630400,388
1454716800,384.07
1454803200,375.29
1454889600,375
1454976000,371.55
1455062400,373.46
1455148800,379.14
1455235200,378.02
1455321600,382.62
1455408000,389.88
1455494400,405.08
1455580800,399.21
1455667200,407
1455753600,414.87
1455840000,420.53
1455926400,419.98
1456012800,435.19
1456099200,438
1456185600,436.76
1456272000,419.25
1456358400,423.79
1456444800,423.46
1456531200,430
1456617600,431.59
1456704000,431.89
1456790400,436.75
1456876800,433.66
1456963200,422.5
1457049600,420.06
1457136000,408.4
1457222400,399.17
1457308800,405.69
1457395200,412.37
1457481600,412.15
1457568000,412.84
1457654400,416
1457740800,420.11
1457827200,409.9
1457913600,412.85
1458000000,414.99
1458086400,415.7
1458172800,416.64
1458259200,418.49
1458345600,407.96
1458432000,409.11
1458518400,411.81
1458604800,411.95
1458691200,416.39
1458777600,417.96
1458864000,415.17
1458950400,415.98
1459036800,416.96
1459123200,425
1459209600,422.86
1459296000,415.83
1459382400,413.74
1459468800,414.83
1459555200,416.31
1459641600,419.13
1459728000,418.51
1459814400,419.71
1459900800,421.66
1459987200,421.6
1460073600,419.95
1460160000,417.86
1460246400,418.58
1460332800,420.75
1460419200,422.63
1460505600,425.69
1460592000,423.87
1460678400,424.38
1460764800,429.45
1460851200,430.58
1460937600,427.31
1461024000,427.42
1461110400,435.95
1461196800,441.82
1461283200,451
1461369600,447.7
1461456000,451.92
1461542400,460.03
1461628800,462.5
1461715200,467.55
1461801600,445.29
1461888000,449.98
1461974400,455.97
1462060800,448.84
1462147200,453
1462233600,443.84
1462320000,450.61
1462406400,446.84
1462492800,449.37
1462579200,458.98
1462665600,459.02
1462752000,458.31
1462838400,460.66
1462924800,450.78
1463011200,452.84
1463097600,454.26
1463184000,455.82
1463270400,456.31
1463356800,457.34
1463443200,454
1463529600,453.08
1463616000,452.99
1463702400,436.05
1463788800,442.52
1463875200,443.21
1463961600,438.47
1464048000,442.99
1464134400,444.1
1464220800,448.7
1464307200,452.05
1464393600,469.98
1464480000,526.64
1464566400,511.3
1464652800,526.42
1464739200,531.97
1464825600,538.37
1464912000,538
1464998400,567.88
1465084800,573.85
1465171200,573.91
1465257600,583.72
1465344000,578.07
1465430400,583.1
1465516800,574.32
1465603200,577.95
1465689600,608.01
1465776000,665.85
1465862400,704.5
1465948800,685.19
1466035200,693.88
1466121600,765
1466208000,746.63
1466294400,751.96
1466380800,759.35
1466467200,724.04
1466553600,664.46
1466640000,592.81
1466726400,622.08
1466812800,665
1466899200,660.44
1466985600,630.19
1467072000,651.85
1467158400,645.15
1467244800,635.99
1467331200,667.95
1467417600,675.63
1467504000,701.41
1467590400,656.97
1467676800,681.98
1467763200,668
1467849600,673.76
1467936000,638.5
1468022400,663
1468108800,647.41
1468195200,648.35
1468281600,649.33
1468368000,664.5
1468454400,652.87
1468540800,659.12
1468627200,663.19
1468713600,661.32
1468800000,679.58
1468886400,673.46
1468972800,674.95
1469059200,667.5
1469145600,664
1469232000,649.75
1469318400,655.53
1469404800,661.48
1469491200,654.98
1469577600,651.16
1469664000,655.37
1469750400,655.54
1469836800,654.88
1469923200,654.68
1470009600,623.91
1470096000,605.56
1470182400,530.74
1470268800,564.01
1470355200,577.44
1470441600,572.72
1470528000,589.5
1470614400,592.56
1470700800,591.69
1470787200,584.98
1470873600,591.5
1470960000,586.01
1471046400,585.91
1471132800,583.34
1471219200,567.34
1471305600,565.69
1471392000,574.94
1471478400,570.92
1471564800,570.3
1471651200,572.84
1471737600,577.52
1471824000,577.24
1471910400,583.3
1471996800,581.98
1472083200,578.75
1472169600,575.75
1472256000,577.77
1472342400,567.2
1472428800,573.2
1472515200,571.5
1472601600,575.97
1472688000,570.76
1472774400,571
1472860800,572
1472947200,595.01
1473033600,603.95
1473120000,604.99
1473206400,608.16
1473292800,615.33
1473379200,625.06
1473465600,622
1473552000,621.65
1473638400,604.02
1473724800,608.01
1473811200,608.82
1473897600,608.99
1473984000,606.72
1474070400,607.04
1474156800,604.09
1474243200,607.31
1474329600,608.66
1474416000,605.5
1474502400,595.46
1474588800,594.08
1474675200,600.7
1474761600,599.33
1474848000,598.98
1474934400,606.79
1475020800,604.26
1475107200,603.85
1475193600,604.13
1475280000,608.38
1475366400,612.98
1475452800,608.6
1475539200,612.98
1475625600,607.18
1475712000,608
1475798400,609.41
1475884800,614.74
1475971200,614.46
1476057600,613.06
1476144000,614.77
1476230400,638.3
1476316800,635.16
1476403200,634.02
1476489600,638.2
1476576000,636.86
1476662400,638.97
1476748800,635.54
1476835200,635.95
1476921600,627.72
1477008000,628.89
1477094400,629
1477180800,653.25
1477267200,649.69
1477353600,643.93
1477440000,651.45
1477526400,674.63
1477612800,685
1477699200,685.91
1477785600,712
1477872000,697.23
1477958400,697.01
1478044800,726.6
1478131200,741.12
1478217600,683.69
1478304000,702.71
1478390400,703.48
1478476800,709.96
1478563200,703.23
1478649600,708.15
1478736000,721.5
1478822400,714.48
1478908800,716.2
1478995200,702.28
1479081600,700.38
1479168000,705.03
1479254400,711.73
1479340800,739.42
1479427200,736.84
1479513600,748.98
1479600000,750.71
1479686400,727.09
1479772800,736.97
1479859200,749.26
1479945600,740.17
1480032000,735.64
1480118400,737.07
1480204800,729.91
1480291200,727.31
1480377600,729.45
1480464000,730.02
1480550400,742.05
1480636800,750.81
1480723200,769.99
1480809600,762.97
1480896000,762
1480982400,750.59
1481068800,758.99
1481155200,766.48
1481241600,767.28
1481328000,769.08
1481414400,772.28
1481500800,768.19
1481587200,777.99
1481673600,778.49
1481760000,777.09
1481846400,775.88
1481932800,781.32
1482019200,787.28
1482105600,788.67
1482192000,791.03
1482278400,801.51
1482364800,834.97
1482451200,860.18
1482537600,913.93
1482624000,892.6
1482710400,890.99
1482796800,896.82
1482883200,930.34
1482969600,975.89
1483056000,970.35
1483142400,958.12
1483228800,964.84
1483315200,997.36
1483401600,1013.42
1483488000,1037.83
1483574400,1109.16
1483660800,999.65
1483747200,891.95
1483833600,906.16
1483920000,910.49
1484006400,896.92
1484092800,903.66
1484179200,780.92
1484265600,805.52
1484352000,825
1484438400,819.55
1484524800,822.01
1484611200,830.56
1484697600,906.6
1484784000,885.44
1484870400,903.1
1484956800,895.64
1485043200,921.99
1485129600,922.33
1485216000,919.97
1485302400,883.59
1485388800,893.14
1485475200,915.05
1485561600,918.01
1485648000,918.62
1485734400,912.19
1485820800,920
1485907200,964.1
1485993600,983.42
1486080000,1008.67
1486166400,1015.65
1486252800,1034.07
1486339200,1011.08
1486425600,1023.96
1486512000,1052.84
1486598400,1050.7
1486684800,985.34
1486771200,997.59
1486857600,1012.46
1486944000,1000.74
1487030400,1001.2
1487116800,1007.08
1487203200,1011.25
1487289600,1035.2
1487376000,1054.55
1487462400,1056
1487548800,1050.87
1487635200,1084.06
1487721600,1125
1487808000,1130.01
1487894400,1187.41
1487980800,1180.14
1488067200,1150.37
1488153600,1180.46
1488240000,1194.17
1488326400,1190.89
1488412800,1224.98
1488499200,1257.6
1488585600,1287
1488672000,1262.2
1488758400,1271.04
1488844800,1279.5
1488931200,1233.88
1489017600,1155.11
1489104000,1192.09
1489190400,1104.94
1489276800,1176.59
1489363200,1227.68
1489449600,1240.72
1489536000,1246.72
1489622400,1257
1489708800,1170.2
1489795200,1068.3
1489881600,967.69
1489968000,1010.99
1490054400,1031.5
1490140800,1113
1490227200,1030.2
1490313600,1029.99
1490400000,927.93
1490486400,961.81
1490572800,959.47
1490659200,1041.04
1490745600,1042.77
1490832000,1039.77
1490918400,1034.74
1491004800,1073.09
1491091200,1082.81
1491177600,1079.99
1491264000,1146.98
1491350400,1141.23
1491436800,1133.53
1491523200,1193.73
1491609600,1190.22
1491696000,1184.03
1491782400,1206.18
1491868800,1209.99
1491955200,1219.09
1492041600,1212.17
1492128000,1174.43
1492214400,1170.36
1492300800,1190.5
1492387200,1161.1
1492473600,1176.97
1492560000,1201.2
1492646400,1205
1492732800,1236.63
1492819200,1243.61
1492905600,1233.24
1492992000,1240.84
1493078400,1253.57
1493164800,1272.67
1493251200,1288.02
1493337600,1330.33
1493424000,1330.7
1493510400,1333
1493596800,1354.8
1493683200,1390.86
1493769600,1447.55
1493856000,1501
1493942400,1537.23
1494028800,1518.75
1494115200,1554.04
1494201600,1558.74
1494288000,1651.1
1494374400,1720.26
1494460800,1774.52
1494547200,1829
1494633600,1692.88
1494720000,1770.8
1494806400,1780
1494892800,1717.91
1494979200,1708.99
1495065600,1783.98
1495152000,1879.99
1495238400,1957.38
1495324800,2008.84
1495411200,2017.55
1495497600,2099.98
1495584000,2256.32
1495670400,2421.49
1495756800,2277.01
1495843200,2279.82
1495929600,2047.76
1496016000,2177.38
1496102400,2290.02
1496188800,2204.89
1496275200,2298.01
1496361600,2409.93
1496448000,2488.98
1496534400,2541.29
1496620800,2529.53
1496707200,2699.12
1496793600,2872.3
1496880000,2683.03
1496966400,2809.01
1497052800,2825.14
1497139200,2898.63
1497225600,2954.96
1497312000,2656.97
1497398400,2706
1497484800,2445
1497571200,2424.8
1497657600,2477.94
1497744000,2629.76
1497830400,2522
1497916800,2600
1498003200,2740
1498089600,2658.69
1498176000,2713.48
1498262400,2685.05
1498348800,2557
1498435200,2502.03
1498521600,2430
1498608000,2558.11
1498694400,2558.3
1498780800,2541.69
1498867200,2476.63
1498953600,2421.26
1499040000,2512.71
1499126400,2549.93
1499212800,2598.89
1499299200,2600
1499385600,2599.67
1499472000,2502.86
1499558400,2555.14
1499644800,2509.58
1499731200,2327.09
1499817600,2310.93
1499904000,2388
1499990400,2338.49
1500076800,2216.1
1500163200,1972.29
1500249600,1910.96
1500336000,2220.07
1500422400,2300.01
1500508800,2265.21
1500595200,2840
1500681600,2672.95
1500768000,2825.51
1500854400,2748.36
1500940800,2759.58
1501027200,2564.3
1501113600,2516.93
1501200000,2656.53
1501286400,2784.8
1501372800,2704.53
1501459200,2738.92
1501545600,2862.9
1501632000,2731.34
1501718400,2699.39
1501804800,2790
1501891200,2856.52
1501977600,3250.77
1502064000,3210.2
1502150400,3380.5
1502236800,3408.75
1502323200,3340.28
1502409600,3413.41
1502496000,3650
1502582400,3868.52
1502668800,4073.76
1502755200,4315.66
1502841600,4179.97
1502928000,4375.8
1503014400,4279.79
1503100800,4104.71
1503187200,4146.09
1503273600,4054.6
1503360000,3986.28
1503446400,4090.89
1503532800,4133.67
1503619200,4331.77
1503705600,4357.77
1503792000,4339.82
1503878400,4339.05
1503964800,4376.66
1504051200,4594.54
1504137600,4582.52
1504224000,4732.87
1504310400,4908.41
1504396800,4585.57
1504483200,4603.54
1504569600,4202.91
1504656000,4385.02
1504742400,4612.12
1504828800,4613.84
1504915200,4312.26
1505001600,4330.87
1505088000,4232.93
1505174400,4198.59
1505260800,4169.94
1505347200,3865.22
1505433600,3216.43
1505520000,3707.5
1505606400,3689.11
1505692800,3678.53
1505779200,4092.07
1505865600,3899.35
1505952000,3894.48
1506038400,3600.92
1506124800,3604.79
1506211200,3777.62
1506297600,3666.31
1506384000,3931.98
1506470400,3881
1506556800,4204.51
1506643200,4189.38
1506729600,4164.27
1506816000,4354.16
1506902400,4405.01
1506988800,4394.07
1507075200,4308.33
1507161600,4211.55
1507248000,4318.58
1507334400,4369.57
1507420800,4439.46
1507507200,4605.66
1507593600,4773.84
1507680000,4776.5
1507766400,4822.17
1507852800,5435.75
1507939200,5636.24
1508025600,5825.99
1508112000,5691.69
1508198400,5764.24
1508284800,5594.66
1508371200,5571.92
1508457600,5697.16
1508544000,5986.44
1508630400,6012.65
1508716800,5982.49
1508803200,5900.59
1508889600,5510.76
1508976000,5732.35
1509062400,5889.82
1509148800,5769.89
1509235200,5728.65
1509321600,6136.49
1509408000,6133.16
1509494400,6416.07
1509580800,6751.98
1509667200,7024.56
1509753600,7213.04
1509840000,7365.99
1509926400,7392.51
1510012800,6960.58
1510099200,7128.64
1510185600,7468.44
1510272000,7092.42
1510358400,6569.22
1510444800,6340.89
1510531200,5890.08
1510617600,6493.63
1510704000,6592.73
1510790400,7279.78
1510876800,7868.77
1510963200,7718.2
1511049600,7791.3
1511136000,8049.72
1511222400,8242.81
1511308800,8095.88
1511395200,8236.72
1511481600,8043.31
1511568000,8212.78
1511654400,8768.8
1511740800,9311.7
1511827200,9717.32
1511913600,9919
1512000000,9646.35
1512086400,9988.19
1512172800,10879.88
1512259200,10912.87
1512345600,11179.52
1512432000,11591.22
1512518400,11660.41
1512604800,13843.93
1512691200,16860.88
1512777600,15875.27
1512864000,14652.37
1512950400,15068.95
1513036800,16732.72
1513123200,16916.8
1513209600,16252.31
1513296000,16408.15
1513382400,17507.86
1513468800,19279.9
1513555200,18905.26
1513641600,18911.79
1513728000,17382.94
1513814400,16357.24
1513900800,15521.07
1513987200,13776.61
1514073600,14121.53
1514160000,13554.31
1514246400,13740.94
1514332800,15677.99
1514419200,15422.19
1514505600,14214.01
1514592000,14413.54
1514678400,12612.54
1514764800,13796
1514851200,13374.98
1514937600,14793.46
1515024000,15039.24
1515110400,15169.66
1515196800,16914.73
1515283200,17155.95
1515369600,16192.91
1515456000,14962.63
1515542400,14437.42
1515628800,14882.86
1515715200,13285.55
1515801600,13791.19
1515888000,14246.18
1515974400,13583.83
1516060800,13554.14
1516147200,11307.27
1516233600,11091.26
1516320000,11174.82
1516406400,11506.51
1516492800,12744.58
1516579200,11513.42
1516665600,10770.49
1516752000,10831.49
1516838400,11392.03
1516924800,11150.79
1517011200,11094.24
1517097600,11431.37
1517184000,11742.33
1517270400,11186.12
1517356800,10082.52
1517443200,10204
1517529600,9098.27
1517616000,8852.73
1517702400,9224.62
1517788800,8202.06
1517875200,6925.46
1517961600,7712.37
1518048000,7585.17
1518134400,8245.08
1518220800,8688.86
1518307200,8561
1518393600,8068.02
1518480000,8895.72
1518566400,8527.87
1518652800,9471.64
1518739200,10033.77
1518825600,10178.56
1518912000,11085.83
1518998400,10392.46
1519084800,11171.78
1519171200,11245.98
1519257600,10485.78
1519344000,9850.78
1519430400,10171.3
1519516800,9699.76
1519603200,9582.29
1519689600,10319.46
1519776000,10628.61
1519862400,10332.14
1519948800,10931.12
1520035200,11040.53
1520121600,11453.34
1520208000,11516.83
1520294400,11442.48
1520380800,10727.69
1520467200,9920.46
1520553600,9324.5
1520640000,9262.8
1520726400,8777.37
1520812800,9538.93
1520899200,9130
1520985600,9153.54
1521072000,8214.99
1521158400,8263.34
1521244800,8297.89
1521331200,7885.08
1521417600,8214.46
1521504000,8605.64
1521590400,8909.95
1521676800,8909.26
1521763200,8725.37
1521849600,8917.48
1521936000,8533.76
1522022400,8457.96
1522108800,8146.5
1522195200,7797.25
1522281600,7950.61
1522368000,7099.17
1522454400,6854.19
1522540800,6937.56
1522627200,6827.54
1522713600,7065.29
1522800000,7426.48
1522886400,6810.71
1522972800,6786.66
1523059200,6634.68
1523145600,6910.12
1523232000,7029.71
1523318400,6784.41
1523404800,6849.3
1523491200,6955.36
1523577600,7941.46
1523664000,7895.25
1523750400,8013.91
1523836800,8368.1
1523923200,8069.03
1524009600,7907.19
1524096000,8175.96
1524182400,8288.12
1524268800,8876.51
1524355200,8930.6
1524441600,8812.76
1524528000,8952.68
1524614400,9658.11
1524700800,8870.14
1524787200,9294.67
1524873600,8928.55
1524960000,9349.41
1525046400,9398.4
1525132800,9239.55
1525219200,9074.98
1525305600,9220.76
1525392000,9753.35
1525478400,9696.13
1525564800,9837.92
1525651200,9631.44
1525737600,9369.16
1525824000,9186.69
1525910400,9310.37
1525996800,9015.88
1526083200,8396.83
1526169600,8463.52
1526256000,8691.46
1526342400,8671.51
1526428800,8471.06
1526515200,8343.27
1526601600,8063.86
1526688000,8239.08
1526774400,8242.07
1526860800,8520.59
1526947200,8396.63
1527033600,7987.38
1527120000,7511.91
1527206400,7576.78
1527292800,7465.12
1527379200,7334.71
1527465600,7344.56
1527552000,7106.06
1527638400,7457.02
1527724800,7386.72
1527811200,7489.66
1527897600,7518.67
1527984000,7637.14
1528070400,7713.85
1528156800,7495.47
1528243200,7619.43
1528329600,7653.96
1528416000,7687.37
1528502400,7615.54
1528588800,7497.1
1528675200,6762.1
1528761600,6879.31
1528848000,6553
1528934400,6299.89
1529020800,6637.41
1529107200,6391.16
1529193600,6488.68
1529280000,6445.79
1529366400,6712.5
1529452800,6743.41
1529539200,6760.83
1529625600,6719.79
1529712000,6059.3
1529798400,6170.46
1529884800,6157.04
1529971200,6249.62
1530057600,6097.46
1530144000,6143.97
1530230400,5878.14
1530316800,6223.28
1530403200,6408.91
1530489600,6365.66
1530576000,6626.44
1530662400,6518.97
1530748800,6602.32
1530835200,6555.51
1530921600,6628.59
1531008000,6778.38
1531094400,6724.04
1531180800,6682.68
1531267200,6329.27
1531353600,6403.18
1531440000,6239.47
1531526400,6220.1
1531612800,6248.84
1531699200,6348.09
1531785600,6732.81
1531872000,7321.62
1531958400,7371.11
1532044800,7473.9
1532131200,7334.99
1532217600,7408.99
1532304000,7406.66
1532390400,7715.1
1532476800,8418.11
1532563200,8171.65
1532649600,7939.81
1532736000,8178.33
1532822400,8219.92
1532908800,8220.91
1532995200,8171.49
1533081600,7735.28
1533168000,7607.7
1533254400,7535.88
1533340800,7414.77
1533427200,7011.28
1533513600,7032.3
1533600000,6937.23
1533686400,6718.23
1533772800,6277.59
1533859200,6532.36
1533945600,6138.96
1534032000,6227.85
1534118400,6313.42
1534204800,6252.13
1534291200,6189.97
1534377600,6270.67
1534464000,6312.75
1534550400,6577.74
1534636800,6394.18
1534723200,6486.58
1534809600,6262.64
1534896000,6472.41
1534982400,6354.57
1535068800,6525.96
1535155200,6691.39
1535241600,6738.27
1535328000,6707.96
1535414400,6901.26
1535500800,7078.19
1535587200,7032.13
1535673600,6986.54
1535760000,7018.78
1535846400,7197.43
1535932800,7291.84
1536019200,7265.08
1536105600,7359.19
1536192000,6695.32
1536278400,6501.19
1536364800,6399.85
1536451200,6184.06
1536537600,6240.98
1536624000,6306.59
1536710400,6283.54
1536796800,6326.04
1536883200,6479.6
1536969600,6487.12
1537056000,6522.39
1537142400,6497.37
1537228800,6253.99
1537315200,6342.39
1537401600,6389.3
1537488000,6496.02
1537574400,6756.12
1537660800,6718.7
1537747200,6705.66
1537833600,6583.45
1537920000,6432.71
1538006400,6459.35
1538092800,6686.08
1538179200,6628.66
1538265600,6592.64
1538352000,6611.02
1538438400,6586.58
1538524800,6521.31
1538611200,6483.73
1538697600,6568.14
1538784000,6620.63
1538870400,6573.62
1538956800,6588.93
1539043200,6641.33
1539129600,6626.85
1539216000,6581.07
1539302400,6207.79
1539388800,6247
1539475200,6265.9
1539561600,6265.16
1539648000,6599.17
1539734400,6616.45
1539820800,6595.51
1539907200,6509.61
1539993600,6463.58
1540080000,6504.92
1540166400,6504.78
1540252800,6493.89
1540339200,6476.85
1540425600,6489.77
1540512000,6466.29
1540598400,6472.17
1540684800,6457.21
1540771200,6449.37
1540857600,6307.51
1540944000,6301.61
1541030400,6338.78
1541116800,6373.08
1541203200,6390.42
1541289600,6361.3
1541376000,6454
1541462400,6437.76
1541548800,6477.84
1541635200,6536.83
1541721600,6444.97
1541808000,6377.4
1541894400,6388.46
1541980800,6408.53
1542067200,6384.75
1542153600,6358.25
1542240000,5756.77
1542326400,5658.73
1542412800,5592.58
1542499200,5572.44
1542585600,5616.29
1542672000,4848.78
1542758400,4491.98
1542844800,4616.44
1542931200,4312.31
1543017600,4352.98
1543104000,3862.01
1543190400,4010.72
1543276800,3793.35
1543363200,3828.45
1543449600,4256.55
1543536000,4278.77
1543622400,4013.52
1543708800,4188.09
1543795200,4140.6
1543881600,3894.21
1543968000,3956.94
1544054400,3744.98
1544140800,3484.94
1544227200,3425.69
1544313600,3453.66
1544400000,3588.44
1544486400,3472.98
1544572800,3407.28
1544659200,3487.73
1544745600,3308.11
1544832000,3242.42
1544918400,3231.91
1545004800,3246.64
1545091200,3556.54
1545177600,3714.09
1545264000,3734.55
1545350400,4135.19
1545436800,3899.83
1545523200,4031.85
1545609600,3995.17
1545696000,4075.15
1545782400,3821.52
1545868800,3848.21
1545955200,3638.9
1546041600,3923.19
1546128000,3770.36
1546214400,3865.26
1546300800,3737.91
1546387200,3855.88
1546473600,3931.31
1546560000,3822.87
1546646400,3856.62
1546732800,3831.94
1546819200,4071.77
1546905600,4032.25
1546992000,4020.97
1547078400,4016.92
1547164800,3646.25
1547251200,3656.9
1547337600,3637.31
1547424000,3531.96
1547510400,3682.48
1547596800,3600.16
1547683200,3621.43
1547769600,3658.41
1547856000,3625.73
1547942400,3703.98
1548028800,3548.98
1548115200,3540.02
1548201600,3587.35
1548288000,3566.4
1548374400,3586.25
1548460800,3577.79
1548547200,3576.3
1548633600,3554.5
1548720000,3448.58
1548806400,3421.6
1548892800,3470
1548979200,3444.81
1549065600,3475.33
1549152000,3506.22
1549238400,3456.02
1549324800,3452.35
1549411200,3467.34
1549497600,3405.7
1549584000,3394.76
1549670400,3661.08
1549756800,3664.38
1549843200,3686.29
1549929600,3629.47
1550016000,3632.42
1550102400,3614.5
1550188800,3600.31
1550275200,3608.2
1550361600,3619.55
1550448000,3670.74
1550534400,3910.8
1550620800,3926.53
1550707200,3987.18
1550793600,3944.88
1550880000,3983.48
1550966400,4139.6
1551052800,3766.89
1551139200,3848.33
1551225600,3831.45
1551312000,3833.23
1551398400,3850.08
1551484800,3834.62
1551571200,3831.44
1551657600,3814.58
1551744000,3730.98
1551830400,3872.25
1551916800,3876.85
1552003200,3886.82
1552089600,3875.96
1552176000,3950.56
1552262400,3928.17
1552348800,3881.09
1552435200,3892.51
1552521600,3877.77
1552608000,3885.21
1552694400,3936.5
1552780800,4015.95
1552867200,3994.92
1552953600,3998.77
1553040000,4029.11
1553126400,4056.4
1553212800,3992.34
1553299200,3999.06
1553385600,4011.92
1553472000,3994.11
1553558400,3935.89
1553644800,3947.74
1553731200,4048.51
1553817600,4037.37
1553904000,4115.55
1553990400,4114.44
1554076800,4114.16
1554163200,4152.53
1554249600,4882.88
1554336000,4959.81
1554422400,4911.24
1554508800,5028.77
1554595200,5053.52
1554681600,5189.39
1554768000,5268.71
1554854400,5175.81
1554940800,5310.18
1555027200,5035.02
1555113600,5072.85
1555200000,5064.62
1555286400,5152.51
1555372800,5036.18
1555459200,5196.65
1555545600,5220.37
1555632000,5276.31
1555718400,5277.04
1555804800,5309.28
1555891200,5281.83
1555977600,5377.19
1556064000,5518.16
1556150400,5434.19
1556236800,5195.61
1556323200,5292.83
1556409600,5280.19
1556496000,5301.29
1556582400,5260.65
1556668800,5269.79
1556755200,5326.67
1556841600,5390.16
1556928000,5657.14
1557014400,5771.08
1557100800,5717.66
1557187200,5684.47
1557273600,5755.72
1557360000,5936.72
1557446400,6146.91
1557532800,6348.02
1557619200,7248.31
1557705600,6978.63
1557792000,7823.11
1557878400,7992.69
1557964800,8206.9
1558051200,7885.96
1558137600,7362.22
1558224000,7265.05
1558310400,8193.7
1558396800,8007.03
1558483200,7952.5
1558569600,7625.93
1558656000,7880.29
1558742400,8003.26
1558828800,8071.45
1558915200,8744.42
1559001600,8770.06
1559088000,8719.88
1559174400,8662.98
1559260800,8272.46
1559347200,8553.81
1559433600,8554.8
1559520000,8739.03
1559606400,8134.92
1559692800,7675.8
1559779200,7786.04
1559865600,7803.23
1559952000,7998.29
1560038400,7931.34
1560124800,7640.61
1560211200,8020.38
1560297600,7917.58
1560384000,8173.06
1560470400,8237.88
1560556800,8693.6
1560643200,8859.47
1560729600,8978.99
1560816000,9327.48
1560902400,9076.18
1560988800,9281.7
1561075200,9531.35
1561161600,10209.38
1561248000,10668.63
1561334400,10814.48
1561420800,11017.5
1561507200,11766.4
1561593600,12932.55
1561680000,11132.85
1561766400,12374.35
1561852800,11890.38
1561939200,10737.73
1562025600,10578.72
1562112000,10805.4
1562198400,11984.76
1562284800,11160.49
1562371200,10955.16
1562457600,11232.04
1562544000,11477.01
1562630400,12313.08
1562716800,12586.78
1562803200,12099.9
1562889600,11352.87
1562976000,11803.97
1563062400,11389.1
1563148800,10186.96
1563235200,10873.5
1563321600,9397.72
1563408000,9674.28
1563494400,10638.56
1563580800,10535.75
1563667200,10764.9
1563753600,10587.41
1563840000,10323.62
1563926400,9844.3
1564012800,9772.17
1564099200,9875.17
1564185600,9848.65
1564272000,9473.99
1564358400,9530
1564444800,9501.33
1564531200,9589.13
1564617600,10084.7
1564704000,10407.17
1564790400,10529.55
1564876800,10814.57
1564963200,10980.23
1565049600,11787.99
1565136000,11465.67
1565222400,11960.82
1565308800,11996.41
1565395200,11856.64
1565481600,11282.22
1565568000,11566.84
1565654400,11386.26
1565740800,10858.12
1565827200,10016.96
1565913600,10302.17
1566000000,10359.44
1566086400,10214.52
1566172800,10317.6
1566259200,10917.26
1566345600,10760.56
1566432000,10129.4
1566518400,10111.98
1566604800,10405.81
1566691200,10143.8
1566777600,10135.06
1566864000,10360.28
1566950400,10171.95
1567036800,9717.82
1567123200,9484.55
1567209600,9577.99
1567296000,9600.9
1567382400,9769.79
1567468800,10386.64
1567555200,10621.29
1567641600,10584.16
1567728000,10577.8
1567814400,10317.47
1567900800,10487.21
1567987200,10406.31
1568073600,10313.66
1568160000,10101.03
1568246400,10159.32
1568332800,10420.16
1568419200,10363.9
1568505600,10361.33
1568592000,10310.43
1568678400,10265.63
1568764800,10190.36
1568851200,10157.59
1568937600,10275.88
1569024000,10173.11
1569110400,9979.49
1569196800,10033.05
1569283200,9683.38
1569369600,8553.61
1569456000,8432.23
1569542400,8055.64
1569628800,8193.9
1569715200,8225
1569801600,8056.74
1569888000,8307.74
1569974400,8322.92
1570060800,8382.03
1570147200,8236.17
1570233600,8155.48
1570320000,8147.69
1570406400,7869.74
1570492800,8212.02
1570579200,8190
1570665600,8587.92
1570752000,8586.9
1570838400,8269.73
1570924800,8308.01
1571011200,8283.76
1571097600,8353.54
1571184000,8162.16
1571270400,8002.51
1571356800,8076.78
1571443200,7954.15
1571529600,7960.04
1571616000,8231.06
1571702400,8222.52
1571788800,8026.76
1571875200,7469.56
1571961600,7431.88
1572048000,8666.79
1572134400,9259.8
1572220800,9551.54
1572307200,9218.76
1572393600,9433.35
1572480000,9164.62
1572566400,9147.98
1572652800,9252.99
1572739200,9301.18
1572825600,9206.16
1572912000,9418.05
1572998400,9310.19
1573084800,9343.34
1573171200,9204.24
1573257600,8766.04
1573344000,8809.41
1573430400,9037.12
1573516800,8717.81
1573603200,8801.52
1573689600,8762.42
1573776000,8632.32
1573862400,8457.69
1573948800,8482.7
1574035200,8503.93
1574121600,8175.99
1574208000,8120.8
1574294400,8081.81
1574380800,7617.07
1574467200,7286.35
1574553600,7324.03
1574640000,6907.4
1574726400,7130.25
1574812800,7163.63
1574899200,7523.83
1574985600,7431
1575072000,7757.47
1575158400,7557.72
1575244800,7402.69
1575331200,7309.59
1575417600,7296.77
1575504000,7192.85
1575590400,7395.97
1575676800,7547.19
1575763200,7504.83
1575849600,7522.39
1575936000,7337.42
1576022400,7220.76
1576108800,7202.31
1576195200,7189.16
1576281600,7251.87
1576368000,7067.74
1576454400,7111.14
1576540800,6879.54
1576627200,6612.12
1576713600,7284.29
1576800000,7150.86
1576886400,7190.17
1576972800,7143.2
1577059200,7514.41
1577145600,7322.08
1577232000,7250.69
1577318400,7192.72
1577404800,7194.4
1577491200,7243.93
1577577600,7301.07
1577664000,7385.36
1577750400,7219.6
1577836800,7168.31
1577923200,7175.68
1578009600,6944.33
1578096000,7326.35
1578182400,7347.89
1578268800,7351.57
1578355200,7759.24
1578441600,8165.47
1578528000,8042.65
1578614400,7817.92
1578700800,8184.66
1578787200,8021.49
1578873600,8173.97
1578960000,8105.24
1579046400,8842.42
1579132800,8813.89
1579219200,8722.03
1579305600,8900.34
1579392000,8910.85
1579478400,8703.36
1579564800,8626.47
1579651200,8722.26
1579737600,8658.94
1579824000,8388.11
1579910400,8428.17
1579996800,8327.36
1580083200,8588.42
1580169600,8895.78
1580256000,9385.69
1580342400,9279.81
1580428800,9502.37
1580515200,9333.77
1580601600,9378.09
1580688000,9314.56
1580774400,9284.51
1580860800,9162.14
1580947200,9614.9
1581033600,9755.66
1581120000,9807.54
1581206400,9907.12
1581292800,10162.41
1581379200,9854.79
1581465600,10275.38
1581552000,10354.3
1581638400,10242.43
1581724800,10368.53
1581811200,9904.17
1581897600,9937.67
1581984000,9703.93
1582070400,10180.65
1582156800,9604.72
1582243200,9606.86
1582329600,9696.58
1582416000,9669.63
1582502400,9989.39
1582588800,9663.75
1582675200,9309.15
1582761600,8785.52
1582848000,8804.72
1582934400,8712.35
1583020800,8531.42
1583107200,8534.17
1583193600,8912.82
1583280000,8754.34
1583366400,8758.9
1583452800,9067.39
1583539200,9155.89
1583625600,8898.63
1583712000,8039.38
1583798400,7931.94
1583884800,7885.46
1583971200,7936.65
1584057600,4830.21
1584144000,5609.03
1584230400,5166.26
1584316800,5348.44
1584403200,5026.35
1584489600,5357.61
1584576000,5410.23
1584662400,6195.2
1584748800,6226.44
1584835200,6189.85
1584921600,5822.62
1585008000,6502.16
1585094400,6768.49
1585180800,6698.46
1585267200,6763.75
1585353600,6369.09
1585440000,6260.95
1585526400,5885.41
1585612800,6405.29
1585699200,6428.28
1585785600,6652.87
1585872000,6809.11
1585958400,6741.67
1586044800,6871.69
1586131200,6777.44
1586217600,7343.2
1586304000,7205.55
1586390400,7365.03
1586476800,7293.69
1586563200,6873.24
1586649600,6891.6
1586736000,6915.37
1586822400,6857.66
1586908800,6871.95
1586995200,6623.8
1587081600,7112.27
1587168000,7034.89
1587254400,7259.36
1587340800,7130.04
1587427200,6840.24
1587513600,6852.52
1587600000,7130.99
1587686400,7477.6
1587772800,7507.08
1587859200,7549.52
1587945600,7699.27
1588032000,7790.66
1588118400,7765.33
1588204800,8777.63
1588291200,8628.77
1588377600,8824.66
1588464000,8973.82
1588550400,8903.95
1588636800,8885.93
1588723200,9030.96
1588809600,9170.79
1588896000,10002.48
1588982400,9821.8
1589068800,9527.39
1589155200,8754.46
1589241600,8617.25
1589328000,8814.53
1589414400,9305.93
1589500800,9790.31
1589587200,9303.59
1589673600,9385.7
1589760000,9669.4
1589846400,9719.37
1589932800,9785.74
1590019200,9510.67
1590105600,9057.57
1590192000,9167.26
1590278400,9178.32
1590364800,8730.73
1590451200,8899.66
1590537600,8842.85
1590624000,9197.54
1590710400,9569.21
1590796800,9425.98
1590883200,9698.1
1590969600,9450.84
1591056000,10204.23
1591142400,9525.57
1591228800,9658.04
1591315200,9794.56
1591401600,9623.75
1591488000,9670.43
1591574400,9753.85
1591660800,9782.59
1591747200,9775.15
1591833600,9892.13
1591920000,9286.42
1592006400,9459.97
1592092800,9473.5
1592179200,9330.07
1592265600,9426.7
1592352000,9526
1592438400,9454.81
1592524800,9380.03
1592611200,9300.15
1592697600,9357.43
1592784000,9284.78
1592870400,9691.9
1592956800,9621.49
1593043200,9276.58
1593129600,9240.85
1593216000,9154.45
1593302400,9004.23
1593388800,9127.47
1593475200,9185.35
1593561600,9133.97
1593648000,9236.38
1593734400,9087.98
1593820800,9072.42
1593907200,9131.31
1593993600,9089.09
1594080000,9348.91
1594166400,9256.23
1594252800,9440.07
1594339200,9238.04
1594425600,9287.4
1594512000,9235.96
1594598400,9295.9
1594684800,9238.13
1594771200,9254.52
1594857600,9193.51
1594944000,9131
1595030400,9154.19
1595116800,9174.71
1595203200,9214.66
1595289600,9163.87

1595289600,9163.87
1595376000,9392.66
1595462400,9537.4
1595548800,9613.11
1595635200,9551.28
1595721600,9707.5
1595808000,9938.83
1595894400,11042.4
1595980800,10934.94
1596067200,11102.67
1596153600,11114.93
1596240000,11343.88
1596326400,11823.69
1596412800,11077.77
1596499200,11242.57
1596585600,11194.25
1596672000,11750.28
1596758400,11772.94
1596844800,11605.6
1596931200,11767.6
1597017600,11684.06
1597104000,11893.03
1597190400,11392.43
1597276800,11573.11
1597363200,11777.43
1597449600,11774.38
1597536000,11873.98
1597622400,11914.01
1597708800,12293.72
1597795200,11969.53
1597881600,11734
1597968000,11865.82
1598054400,11522.8
1598140800,11683.44
1598227200,11653.02
1598313600,11763.93
1598400000,11337.4
1598486400,11467.37
1598572800,11302.01
1598659200,11534.75
1598745600,11481.64
1598832000,11707.78
1598918400,11659.57
1599004800,11923.25
1599091200,11397.44
1599177600,10187.51
1599264000,10467.89
1599350400,10159.62
1599436800,10254.93
1599523200,10367.74
1599609600,10121.52
1599696000,10227.83
1599782400,10352.66
1599868800,10395.44
1599955200,10446.44
1600041600,10330.77
1600128000,10674.64
1600214400,10785.62
1600300800,10948.43
1600387200,10943.89
1600473600,10931.79
1600560000,11081.43
1600646400,10919.65
1600732800,10430.46
1600819200,10532.22
1600905600,10234.48
1600992000,10732.43
1601078400,10692.84
1601164800,10732.4
1601251200,10774.24
1601337600,10692.33
1601424000,10840.8
1601510400,10777.92
1601596800,10619.24
1601683200,10575.06
1601769600,10551.77
1601856000,10673.46
1601942400,10788.56
1602028800,10603.74
1602115200,10670.8
1602201600,10923.3
1602288000,11063.19
1602374400,11302.67
1602460800,11376.61
1602547200,11540.04
1602633600,11428.24
1602720000,11431.32
1602806400,11503.73
1602892800,11327.57
1602979200,11366.51
1603065600,11508.2
1603152000,11758.16
1603238400,11925.46
1603324800,12831.56
1603411200,12990.25
1603497600,12944.52
1603584000,13128.46
1603670400,13036.77
1603756800,13076.37
1603843200,13651.47
1603929600,13289
1604016000,13458.66
1604102400,13564.72
1604188800,13810.32
1604275200,13758.88
1604361600,13575.17
1604448000,14023.31
1604534400,14155.59
1604620800,15591.39
1604707200,15595.77
1604793600,14839.84
1604880000,15490.6
1604966400,15328.53
1605052800,15317.04
1605139200,15708.65
1605225600,16295.57
1605312000,16339.33
1605398400,16091.07
1605484800,15968.16
1605571200,16725.15
1605657600,17679.72
1605744000,17798.45
1605830400,17820.57
1605916800,18687.45
1606003200,18699.75
1606089600,18422.28
1606176000,18398.91
1606262400,19172.52
1606348800,18739.8
1606435200,17151.44
1606521600,17138.87
1606608000,17732.42
1606694400,18191.6
1606780800,19709.73
1606867200,18792.52
1606953600,19226.97
1607040000,19454.54
1607126400,18670.49
1607212800,19155.06
1607299200,19377.66
1607385600,19181.41
1607472000,18318.87
1607558400,18554.15
1607644800,18247.76
1607731200,18029.36
1607817600,18803.44
1607904000,19164.48
1607990400,19276.59
1608076800,19439.75
1608163200,21379.48
1608249600,22847.46
1608336000,23150.79
1608422400,23869.92
1608508800,23490.58
1608595200,22745.48
1608681600,23824.99
1608768000,23253.37
1608854400,23715.53
1608940800,24693.58
1609027200,26443.21
1609113600,26246.58
1609200000,27036.69
1609286400,27376.37
1609372800,28856.59
1609459200,28982.56
1609545600,29393.75
1609632000,32195.46
1609718400,33000.78
1609804800,32035.03
1609891200,34046.67
1609977600,36860.41
1610064000,39486.04
1610150400,40670.25
1610236800,40240.72
1610323200,38240.09
1610409600,35544.94
1610496000,34011.82
1610582400,37393.13
1610668800,39158.47
1610755200,36828.52
1610841600,36065.2
1610928000,35793.01
1611014400,36632.35
1611100800,36020.13
1611187200,35538.98
1611273600,30797.88
1611360000,33002.38
1611446400,32099.74
1611532800,32276.84
1611619200,32243.26
1611705600,32541.8
1611792000,30419.17
1611878400,33403.17
1611964800,34314.26
1612051200,34318.1
1612137600,33136.46
1612224000,33522.9
1612310400,35529.66
1612396800,37676.25
1612483200,37002.09
1612569600,38278.61
1612656000,39323.26
1612742400,38928.1
1612828800,46364.3
1612915200,46589.58
1613001600,44878.17
1613088000,48013.38
1613174400,47471.4
1613260800,47185.19
1613347200,48720.37
1613433600,47951.85
1613520000,49160.1
1613606400,52118.23
1613692800,51608.15
1613779200,55916.5
1613865600,56001.2
1613952000,57487.86
1614038400,54123.4
1614124800,48880.43
1614211200,50624.84
1614297600,46800.42
1614384000,46340.31
1614470400,46155.87
1614556800,45113.92
1614643200,49618.43
1614729600,48356.04
1614816000,50477.7
1614902400,48448.91
1614988800,48861.38
1615075200,48881.59
1615161600,51169.7
1615248000,52299.33
1615334400,54881.52
1615420800,55997.23
1615507200,57764
1615593600,57253.28
1615680000,61258.73
1615766400,59133.47
1615852800,55754.72
1615939200,56872.38
1616025600,58913
1616112000,57665.9
1616198400,58075.1
1616284800,58085.8
1616371200,57411.17
1616457600,54204.96
1616544000,54477.46
1616630400,52508.23
1616716800,51415.92
1616803200,55074.47
1616889600,55863.93
1616976000,55783.71
1617062400,57627.67
1617148800,58730.13
1617235200,58735.25
1617321600,58736.92
1617408000,59031.32
1617494400,57076.49
1617580800,58206.55
1617667200,59054.1
1617753600,58020.46
1617840000,55947.27
1617926400,58048.59
1618012800,58102.58
1618099200,59774
1618185600,59964.87
1618272000,59834.74
1618358400,63554.44
1618444800,62969.12
1618531200,63252.63
1618617600,61455.98
1618704000,60087.09
1618790400,56251.48
1618876800,55703.14
1618963200,56507.91
1619049600,53808.8
1619136000,51731.71
1619222400,51153.13
1619308800,50110.53
1619395200,49075.58
1619481600,54056.64
1619568000,55071.46
1619654400,54884.1
1619740800,53584.15
1619827200,57796.62
1619913600,57857.5
1620000000,56610.46
1620086400,57213.33
1620172800,53241.72
1620259200,57473.23
1620345600,56428.16
1620432000,57380.27
1620518400,58928.81
1620604800,58280.73
1620691200,55883.5
1620777600,56750
1620864000,49007.09
1620950400,49702.27
1621036800,49922.52
1621123200,46736.58
1621209600,46441.64
1621296000,43596.24
1621382400,42912.19
1621468800,36964.27
1621555200,40784.32
1621641600,37280.35
1621728000,37528.3
1621814400,34754.54
1621900800,38728.59
1621987200,38410.5
1622073600,39266.04
1622160000,38445.29
1622246400,35689.62
1622332800,34647.67
1622419200,35684.59
1622505600,37310.54
1622592000,36662.64
1622678400,37585.24
1622764800,39188.59
1622851200,36885.51
1622937600,35530.38
1623024000,35816.17
1623110400,33514.87
1623196800,33450.19
1623283200,37338.36
1623369600,36704.57
1623456000,37313.18
1623542400,35494.9
1623628800,39066.82
1623715200,40525.8
1623801600,40188.56
1623888000,38324.87
1623974400,38068.04
1624060800,35729.82
1624147200,35524.17
1624233600,35592.35
1624320000,31686.55
1624406400,32447.59
1624492800,33674.66
1624579200,34639.38
1624665600,31640.58
1624752000,32160.91
1624838400,34644.45
1624924800,34456.67
1625011200,35847.7
1625097600,35047.36
1625184000,33536.88
1625270400,33856.86
1625356800,34688.98
1625443200,35309.3
1625529600,33747.97
1625616000,34211.01
1625702400,33839.04
1625788800,32877.41
1625875200,33818.52
1625961600,33515.57
1626048000,34227.64
1626134400,33158.25
1626220800,32686.56
1626307200,32814.61
1626393600,31738.59
1626480000,31421.25
1626566400,31520.66
1626652800,31783.49
1626739200,30815.94
1626825600,29790.24
1626912000,32118.06
1626998400,32297.89
1627084800,33581.63
1627171200,34279.34
1627257600,35365.2
1627344000,37318.14
1627430400,39405.95
1627516800,40002.53
1627603200,40005.93
1627689600,42214.15
1627776000,41659.06
1627862400,40000.46
1627948800,39193.94
1628035200,38138
1628121600,39750.14
1628208000,40882
1628294400,42825.95
1628380800,44634.13
1628467200,43816.14
1628553600,46333.46
1628640000,45608.37
1628726400,45611.46
1628812800,44417.78
1628899200,47833.98
1628985600,47112.19
1629072000,47056.41
1629158400,45982.55
1629244800,44648.57
1629331200,44777.86
1629417600,46734.65
1629504000,49327.75
1629590400,48932.02
1629676800,49335.68
1629763200,49523.5
1629849600,47744.58
1629936000,48972.09
1630022400,46962.8
1630108800,49056.86
1630195200,48897.65
1630281600,48806.78
1630368000,47074.77
1630454400,47155.87
1630540800,48862.76
1630627200,49329.01
1630713600,50035.33
1630800000,49947.38
1630886400,51769.06
1630972800,52677.4
1631059200,46809.17
1631145600,46078.38
1631232000,46368.69
1631318400,44847.48
1631404800,45144.79
1631491200,46059.12
1631577600,44968.76
1631664000,47072.12
1631750400,48167.85
1631836800,47785.26
1631923200,47263.6
1632009600,48259.45
1632096000,47249.38
1632182400,42901.56
1632268800,40619.27
1632355200,43604.76
1632441600,44888.96
1632528000,42815.56
1632614400,42742.01
1632700800,43182.63
1632787200,42238.2
1632873600,41011.16
1632960000,41522.38
1633046400,43757.81
1633132800,48140.11
1633219200,47727.1
1633305600,48205.72
1633392000,49143.95
1633478400,51505.83
1633564800,55343.76
1633651200,53801.1
1633737600,53867.3
1633824000,55122.59
1633910400,54625.74
1633996800,57452.01
1634083200,56242.94
1634169600,57406.69
1634256000,57397.74
1634342400,61641.17
1634428800,60948.78
1634515200,61546.21
1634601600,61971.59
1634688000,64287.64
1634774400,66063.56
1634860800,62354.86
1634947200,60697.06
1635033600,61277.28
1635120000,60884.18
1635206400,63070.54
1635292800,60345.17
1635379200,58538.49
1635465600,60587.09
1635552000,62249.18
1635638400,61731.29
1635724800,61373.44
1635811200,61029.5
1635897600,63241.11
1635984000,62954.86
1636070400,61441.83
1636156800,61072.32
1636243200,61516.31
1636329600,63293.22
1636416000,67562.17
1636502400,66954.11
1636588800,64976.73
1636675200,64838.81
1636761600,64254.67
1636848000,64420.94
1636934400,65468.75
1637020800,63584.25
1637107200,60172.26
1637193600,60381.35
1637280000,56921.34
1637366400,58133.02
1637452800,59777.98
1637539200,58755.9
1637625600,56301.52
1637712000,57578.22
1637798400,57187.54
1637884800,58935.45
1637971200,53588.21
1638057600,54801.15
1638144000,57292.28
1638230400,57828.45
1638316800,57025.79
1638403200,57229.76
1638489600,56508.48
1638576000,53713.84
1638662400,49253.86
1638748800,49380.43
1638835200,50564.63
1638921600,50645.41
1639008000,50511.12
1639094400,47659.68
1639180800,47137.46
1639267200,49379.67
1639353600,50117.25
1639440000,46757.09
1639526400,48392.79
1639612800,48884.66
1639699200,47658.38
1639785600,46173.51
1639872000,46863.67
1639958400,46689.28
1640044800,46910.13
1640131200,48934.57
1640217600,48628.35
1640304000,50785.69
1640390400,50814.92
1640476800,50470.89
1640563200,50801.11
1640649600,50692.3
1640736000,47601.26
1640822400,46408.87
1640908800,47132.96
1640995200,46249.56
1641081600,47763.33
1641168000,47327.87
1641254400,46441.99
1641340800,45862.98
1641427200,43436.17
1641513600,43120.63
1641600000,41528.04
1641686400,41690.93
1641772800,41864.44
1641859200,41849
1641945600,42723.37
1642032000,43926
1642118400,42546.44
1642204800,43099.37
1642291200,43146.53
1642377600,43102.44
1642464000,42248.35
1642550400,42381.48
1642636800,41707.85
1642723200,40684.42
1642809600,36480.85
1642896000,35071.43
1642982400,36280.82
1643068800,36678.82
1643155200,36948.81
1643241600,36823.5
1643328000,37146.85
1643414400,37770.15
1643500800,38186.49
1643587200,37918.62
1643673600,38521.79
1643760000,38739.74
1643846400,36912.68
1643932800,37092.4
1644019200,41584.19
1644105600,41435.43
1644192000,42450.98
1644278400,43834.02
1644364800,44133.28
1644451200,44397.3
1644537600,43531.11
1644624000,42401.27
1644710400,42245.56
1644796800,42104.89
1644883200,42580.94
1644969600,44536.2
1645056000,43948.81
1645142400,40565.69
1645228800,40014.55
1645315200,40115.05
1645401600,38382.32
1645488000,37031.08
1645574400,38262.17
1645660800,37291.48
1645747200,38344.78
1645833600,39222.6
1645920000,39103.91
1646006400,37704.56
1646092800,43226.36
1646179200,44418.83
1646265600,43934.85
1646352000,42464.4
1646438400,39141.25
1646524800,39399.58
1646611200,38407.69
1646697600,38032.5
1646784000,38753.1
1646870400,41956.53
1646956800,39437.89
1647043200,38741.04
1647129600,38809.18
1647216000,37820.39
1647302400,39680.6
1647388800,39320.82
1647475200,41133.08
1647561600,40946.78
1647648000,41795.77
1647734400,42222.32
1647820800,41250.83
1647907200,41071.41
1647993600,42372.67
1648080000,42905.06
1648166400,44004.47
1648252800,44334.33
1648339200,44542.39
1648425600,46858.53
1648512000,47115.93
1648598400,47448.01
1648684800,47064.16
1648771200,45539.22
1648857600,46282.56
1648944000,45825.36
1649030400,46425.52
1649116800,46611.26
1649203200,45508.16
1649289600,43190.18
1649376000,43464.32
1649462400,42278.94
1649548800,42787.69
1649635200,42144.23
1649721600,39488.62
1649808000,40102.2
1649894400,41148.06
1649980800,39939.9
1650067200,40566.2
1650153600,40388.78
1650240000,39711.45
1650326400,40805.72
1650412800,41507.3
1650499200,41375.79
1650585600,40514.01
1650672000,39727.65
1650758400,39429.01
1650844800,39465.57
1650931200,40472.7
1651017600,38114.94
1651104000,39249.28
1651190400,39770.04
1651276800,38596.28
1651363200,37661.19
1651449600,38475.48
1651536000,38510.65
1651622400,37727.19
1651708800,39674.89
1651795200,36549.9
1651881600,36013.03
1651968000,35471.42
1652054400,34082.21
1652140800,30175.71
1652227200,31003.93
1652313600,28907.15
1652400000,28931.14
1652486400,29234.06
1652572800,30074.61
1652659200,31277.43
1652745600,29834.09
1652832000,30406.69
1652918400,28680.97
1653004800,30289.87
1653091200,29159.5
1653177600,29409.92
1653264000,30278.94
1653350400,29074.33
1653436800,29634.57
1653523200,29518.59
1653609600,29193.92
1653696000,28578.89
1653782400,29013.69
1653868800,29448.74
1653955200,31715.58
1654041600,31776.27
1654128000,29780.81
1654214400,30429.88
1654300800,29681.76
1654387200,29845.23
1654473600,29901.35
1654560000,31349.82
1654646400,31117.83
1654732800,30189.25
1654819200,30083.46
1654905600,29059.41
1654992000,28344.5
1655078400,26593.3
1655164800,22431.22
1655251200,22189.29
1655337600,22550.79
1655424000,20350.48
1655510400,20434.75
1655596800,18977.51
1655683200,20540.38
1655769600,20582.29
1655856000,20703.51
1655942400,19953.71
1656028800,21088.3
1656115200,21194.68
1656201600,21481.38
1656288000,21020.04
1656374400,20702.23
1656460800,20256.61
1656547200,20085.93
1656633600,19865.7
1656720000,19226.7
1656806400,19224.75
1656892800,19288.97
1656979200,20208.45
1657065600,20181.91
1657152000,20545.61
1657238400,21633.44
1657324800,21636.45
1657411200,21582.6
1657497600,20834.61
1657584000,19946.31
1657670400,19292.99
1657756800,20223.69
1657843200,20568.9
1657929600,20835.61
1658016000,21197.1
1658102400,20774.23
1658188800,22538.08
1658275200,23403.29
1658361600,23227.22
1658448000,23154.09
1658534400,22687.08
1658620800,22461.7
1658707200,22582.4
1658793600,21300.72
1658880000,21267.33
1658966400,22950.29
1659052800,23856.25
1659139200,23792
1659225600,23647.99
1659312000,23326.49
1659398400,23298.94
1659484800,22981.77
1659571200,22831.85
1659657600,22608.3
1659744000,23295.14
1659830400,22947.19
1659916800,23174.25
1660003200,23816.32
1660089600,23156.31
1660176000,23959.92
1660262400,23953.77
1660348800,24418.38
1660435200,24447.13
1660521600,24314.89
1660608000,24096.19
1660694400,23876.29
1660780800,23332.09
1660867200,23193.99
1660953600,20843.22
1661040000,21150.33
1661126400,21520.51
1661212800,21402.93
1661299200,21516.02
1661385600,21377.51
1661472000,21597.93
1661558400,20233.32
1661644800,20035.59
1661731200,19550.07
1661817600,20290.41
1661904000,19793.02
1661990400,20047.68
1662076800,20130.52
1662163200,19952.91
1662249600,19834.94
1662336000,19994.65
1662422400,19789.87
1662508800,18806.7
1662595200,19280.08
1662681600,19327.53
1662768000,21387.58
1662854400,21673.03
1662940800,21794.52
1663027200,22392.71
1663113600,20172.56
1663200000,20219.55
1663286400,19694.69
1663372800,19787.61
1663459200,20122.71
1663545600,19415.86
1663632000,19542.2
1663718400,18879.96
1663804800,18507.36
1663891200,19408.63
1663977600,19280.58
1664064000,18931.79
1664150400,18807.71
1664236800,19227.26
1664323200,19104.89
1664409600,19530.71
1664496000,19598.86
1664582400,19427.2
1664668800,19314.69
1664755200,19049.72
1664841600,19632.61
1664928000,20342.25
1665014400,20167.79
1665100800,19956.49
1665187200,19544.82
1665273600,19417.73
1665360000,19441.88
1665446400,19132.52
1665532800,19049.64
1665619200,19156.21
1665705600,19383.33
1665792000,19184.71
1665878400,19063.1
1665964800,19265.53
1666051200,19548.97
1666137600,19330.74
1666224000,19125.65
1666310400,19046.83
1666396800,19171.34
1666483200,19205.45
1666569600,19565.91
1666656000,19338.9
1666742400,20101.27
1666828800,20772.36
1666915200,20288.52
1667001600,20601.63
1667088000,20816.16
1667174400,20628.5
1667260800,20499.29
1667347200,20486.26
1667433600,20153.99
1667520000,20208.16
1667606400,21152.93
1667692800,21292.67
1667779200,20920.33
1667865600,20598.44
1667952000,18540.11
1668038400,15856.95
1668124800,17550.23
1668211200,16990.26
1668297600,16776.4
1668384000,16310.3
1668470400,16587.96
1668556800,16873.56
1668643200,16662.24
1668729600,16682.44
1668816000,16683.22
1668902400,16687.8
1668988800,16260.41
1669075200,15759.61
1669161600,16194.75
1669248000,16606.77
1669334400,16592.67
1669420800,16507.44
1669507200,16453.47
1669593600,16420.2
1669680000,16208.96
1669766400,16432.73
1669852800,17170.62
1669939200,16971.57
1670025600,17091.23
1670112000,16894.23
1670198400,17117.57
1670284800,16967.02
1670371200,17085.45
1670457600,16836.05
1670544000,17234.58
1670630400,17128.55
1670716800,17124.99
1670803200,17098.61
1670889600,17206.87
1670976000,17771.03
1671062400,17802.44
1671148800,17357.47
1671235200,16637.6
1671321600,16783.6
1671408000,16745.99
1671494400,16439.89
1671580800,16904.64
1671667200,16813.62
1671753600,16818.68
1671840000,16779.71
1671926400,16838.1
1672012800,16826.86
1672099200,16915.7
1672185600,16699
1672272000,16539.28
1672358400,16630.49
1672444800,16599.69
1672531200,16526.78
1672617600,16613.71
1672704000,16671.54
1672790400,16669.6
1672876800,16850.63
1672963200,16826.41
1673049600,16951.97
1673136000,16945.2
1673222400,17108.41
1673308800,17192.07
1673395200,17443.68
1673481600,17934.6
1673568000,18859.32
1673654400,19933.36
1673740800,20955.15
1673827200,20880.99
1673913600,21190.49
1674000000,21145.18
1674086400,20672.78
1674172800,21087.76
1674259200,22693.45
1674345600,22772.5
1674432000,22724.23
1674518400,22924.37
1674604800,22634.47
1674691200,23089.74
1674777600,23008.29
1674864000,23075.81
1674950400,23032.23
1675036800,23755.85
1675123200,22836.09
1675209600,23133.91
1675296000,23722.02
1675382400,23454.41
1675468800,23440.09
1675555200,23328.24
1675641600,22936.95
1675728000,22763.74
1675814400,23254.79
1675900800,22964.87
1675987200,21794.05
1676073600,21638.55
1676160000,21861.84
1676246400,21787.25
1676332800,21787.99
1676419200,22211.8
1676505600,24340.73
1676592000,23544.67
1676678400,24572.97
1676764800,24641.94
1676851200,24290.18
1676937600,24834.81
1677024000,24438.1
1677110400,24185.67
1677196800,23946.39
1677283200,23192.02
1677369600,23176.76
1677456000,23563.11
1677542400,23497.62
1677628800,23128.3
1677715200,23641.68
1677801600,23467.36
1677888000,22351.72
1677974400,22348.51
1678060800,22427.56
1678147200,22410.62
1678233600,22197.49
1678320000,21698.33
1678406400,20363.36
1678492800,20224.85
1678579200,20656.78
1678665600,22205.32
1678752000,24213.74
1678838400,24767.46
1678924800,24376.39
1679011200,25053.64
1679097600,27462.77
1679184000,26975.39
1679270400,28045.84
1679356800,27790.89
1679443200,28191.53
1679529600,27306.32
1679616000,28332.42
1679702400,27496.2
1679788800,27496.06
1679875200,27999.84
1679961600,27141.23
1680048000,27274.72
1680134400,28355.92
1680220800,28033.06
1680307200,28479.75
1680393600,28465.04
1680480000,28185.2
1680566400,27802.23
1680652800,28169.5
1680739200,28180.4
1680825600,28039.94
1680912000,27925.55
1680998400,27956.01
1681084800,28336.18
1681171200,29656.24
1681257600,30234.98
1681344000,29899.24
1681430400,30407.6
1681516800,30486.05
1681603200,30319.32
1681689600,30315.39
1681776000,29447.1
1681862400,30393.64
1681948800,28829.57
1682035200,28243.02
1682121600,27267.99
1682208000,27816.18
1682294400,27590.55
1682380800,27516.48
1682467200,28301.71
1682553600,28429.72
1682640000,29480.35
1682726400,29329.63
1682812800,29244.68
1682899200,29264.14
1682985600,28086.65
1683072000,28678.29
1683158400,29007.66
1683244800,28851.84
1683331200,29535.38
1683417600,28903.41
1683504000,28456.84
1683590400,27691.41
